Date,dayOfMonth,dayOfWeek,monthOfYear,month,year,weatherScore,tempMin,tempMax,feelsLikeMin,feelsLikeMax,currentHoliday,googleTrends,totalSales
15-08-2017,15,3,8,Aug,2017,7.8,21.03,27.47,20.89,29.89,1,41,138577
16-08-2017,16,4,8,Aug,2017,4.9,20.96,27.28,22.17,29.07,0,0,159012
17-08-2017,17,5,8,Aug,2017,4.15,20.81,27.1,22.03,29.18,0,36,189720
19-08-2017,19,7,8,Aug,2017,2.1,20.79,27.75,22.17,28.91,0,0,378459
20-08-2017,20,1,8,Aug,2017,4.4,20.99,27.07,22.44,28.94,0,40,378459
21-08-2017,21,2,8,Aug,2017,0,21.39,27.87,23.55,30.4,0,0,178061
22-08-2017,22,3,8,Aug,2017,4.65,21.21,27.99,22.12,29.43,0,0,203441
23-08-2017,23,4,8,Aug,2017,5.7,21.24,28.1,23.38,29.38,0,0,163811
24-08-2017,24,5,8,Aug,2017,4,21.06,26.29,22.76,29.65,0,0,179108
26-08-2017,26,7,8,Aug,2017,1.2,21.28,28.4,22.69,29.99,0,0,281985
27-08-2017,27,1,8,Aug,2017,5.9,21.2,26.56,23.5,27.26,0,0,245957
28-08-2017,28,2,8,Aug,2017,0,21.84,26.82,21.22,29.12,0,39,182139
29-08-2017,29,3,8,Aug,2017,1.8,21.8,27.01,23.56,27.66,0,0,165938
30-08-2017,30,4,8,Aug,2017,0.85,21.93,28.52,23.81,31.39,0,0,168255
31-08-2017,31,5,8,Aug,2017,2.1,22.01,29.59,24.2,31.34,0,0,168571
01-09-2017,1,6,9,Sep,2017,0.85,21.92,27.96,25.11,30.46,0,0,188535
02-09-2017,2,7,9,Sep,2017,8.4,21.46,27.71,24.32,31.36,1,0,249939
03-09-2017,3,1,9,Sep,2017,5.25,20.31,28.71,22.21,30.95,0,48,338026
04-09-2017,4,2,9,Sep,2017,2.3,22.85,28.83,25.08,30.69,0,0,193725
05-09-2017,5,3,9,Sep,2017,7,20.89,28.59,23.15,31.48,0,0,182369
06-09-2017,6,4,9,Sep,2017,3.3,21.31,28.02,24.53,31.79,0,0,160816
07-09-2017,7,5,9,Sep,2017,2.1,22.01,29.05,25.23,31.44,0,0,165952
08-09-2017,8,6,9,Sep,2017,0,20.72,28.02,22.6,32.49,0,0,176627
09-09-2017,9,7,9,Sep,2017,7.35,21.35,28.32,24.68,31.76,0,0,316294
10-09-2017,10,1,9,Sep,2017,0,22.31,27.2,24.97,30.44,0,0,339845
11-09-2017,11,2,9,Sep,2017,0,22.76,28.08,26.44,31.15,0,0,178401
12-09-2017,12,3,9,Sep,2017,2.55,22.73,29.71,26.12,31.25,0,39,173043
13-09-2017,13,4,9,Sep,2017,0,21.96,29.3,24.82,31.7,0,0,143121
14-09-2017,14,5,9,Sep,2017,3.9,21.4,29.91,23.76,32.29,0,0,170237
15-09-2017,15,6,9,Sep,2017,0,21.87,27.01,23.91,29.5,0,39,194964
16-09-2017,16,7,9,Sep,2017,0,21.59,28.7,22.33,29.52,0,44,289293
17-09-2017,17,1,9,Sep,2017,6.3,20.81,24.59,20.91,26.94,0,0,306510
18-09-2017,18,2,9,Sep,2017,1.8,21.02,26.79,22.39,28.97,0,0,191736
19-09-2017,19,3,9,Sep,2017,0,20.39,28.06,20.69,28.5,1,39,195344
20-09-2017,20,4,9,Sep,2017,0,20,28.01,20.37,27.11,0,0,203575
21-09-2017,21,5,9,Sep,2017,0,20.66,26.66,21.81,28.31,0,0,181098
22-09-2017,22,6,9,Sep,2017,0,20.18,27.81,22.14,29.52,0,0,192259
23-09-2017,23,7,9,Sep,2017,0,21.39,29.02,24.72,29.75,0,0,262874
24-09-2017,24,1,9,Sep,2017,2.55,20.98,27.38,21.94,30.24,0,0,358549
25-09-2017,25,2,9,Sep,2017,2.4,20.97,26.19,22.97,28.86,0,0,177282
26-09-2017,26,3,9,Sep,2017,4.3,21.34,27.24,24.5,29.65,0,39,184919
27-09-2017,27,4,9,Sep,2017,5.4,20.95,25.94,24.08,28.4,0,0,164907
28-09-2017,28,5,9,Sep,2017,4.2,20.75,25.75,22.36,29.3,0,0,208282
29-09-2017,29,6,9,Sep,2017,4.6,21.48,25.41,24.56,27.84,1,0,294664
30-09-2017,30,7,9,Sep,2017,1.8,21.71,25.96,24.44,29.18,1,0,344135
01-10-2017,1,1,10,Oct,2017,7.95,20.42,27.97,23.3,31.06,0,100,261197
02-10-2017,2,2,10,Oct,2017,0,21.7,26.79,23.81,30.06,1,0,362693
03-10-2017,3,3,10,Oct,2017,3.35,21.43,28.42,25.1,31.01,0,0,159933
04-10-2017,4,4,10,Oct,2017,4.65,20.93,29.24,23.7,31.4,0,0,156965
05-10-2017,5,5,10,Oct,2017,5.7,21.66,26.4,25.31,29.96,1,0,156965
06-10-2017,6,6,10,Oct,2017,2.85,21.26,27.8,24.11,29.51,0,0,173256
07-10-2017,7,7,10,Oct,2017,1.8,22.05,28.36,24.91,31.66,0,0,275369
08-10-2017,8,1,10,Oct,2017,6.9,22.06,29.1,25.22,31.95,0,0,373018
09-10-2017,9,2,10,Oct,2017,7.2,21.06,28.52,23.73,31.41,0,0,204513
10-10-2017,10,3,10,Oct,2017,2.55,22.68,28.44,25.52,31.16,0,0,170721
11-10-2017,11,4,10,Oct,2017,12,21.08,29.49,22.82,31.76,0,40,160483
12-10-2017,12,5,10,Oct,2017,6.6,21.09,26.87,23.72,29.51,0,0,476050
13-10-2017,13,6,10,Oct,2017,4.15,21.03,28.09,23.25,30.66,0,0,188917
14-10-2017,14,7,10,Oct,2017,5.45,20.92,25.41,21.85,29.12,0,0,302715
15-10-2017,15,1,10,Oct,2017,1.8,20.36,25.86,21.92,28.73,0,0,361003
16-10-2017,16,2,10,Oct,2017,-0.25,21.08,24.67,22.79,26.88,0,0,228995
17-10-2017,17,3,10,Oct,2017,0,20.56,26.54,23.11,28.51,0,0,194064
18-10-2017,18,4,10,Oct,2017,-1.75,20.09,27.56,22.39,30.51,1,0,245080
19-10-2017,19,5,10,Oct,2017,0,19.35,28.79,20.1,29.95,0,0,368302
20-10-2017,20,6,10,Oct,2017,0,20.88,29.46,24.18,29.84,1,0,413311
21-10-2017,21,7,10,Oct,2017,0,21.04,28.93,21.64,30.4,0,0,329903
22-10-2017,22,1,10,Oct,2017,0,18.9,28.95,18.95,27.97,0,0,357017
23-10-2017,23,2,10,Oct,2017,0,18.82,29.56,19.03,29.35,0,0,189558
24-10-2017,24,3,10,Oct,2017,-0.5,20.85,29.55,23.39,30.05,0,0,198419
25-10-2017,25,4,10,Oct,2017,-0.5,21.2,28.71,23.67,28.96,0,0,175269
26-10-2017,26,5,10,Oct,2017,1.8,19.96,27.4,21.95,29.78,0,40,191035
27-10-2017,27,6,10,Oct,2017,0,19.79,27.7,21.17,28.5,0,0,217764
28-10-2017,28,7,10,Oct,2017,-0.75,20.09,27.95,21.36,28.06,0,0,311225
29-10-2017,29,1,10,Oct,2017,0,19.1,27.84,19.04,27.94,0,0,370414
30-10-2017,30,2,10,Oct,2017,1.8,19.33,24.66,20.89,25.74,0,0,208967
31-10-2017,31,3,10,Oct,2017,0,19.01,24.06,20.13,25.41,0,0,190971
01-11-2017,1,4,11,Nov,2017,1.8,19.06,24.22,20.08,26.23,1,0,292836
02-11-2017,2,5,11,Nov,2017,0,19.9,26.18,20.67,27.19,0,0,183501
03-11-2017,3,6,11,Nov,2017,0,20.06,26.57,21.21,27.35,0,0,203676
04-11-2017,4,7,11,Nov,2017,5.7,19.93,24.21,22.24,25.46,0,0,287043
05-11-2017,5,1,11,Nov,2017,5.7,20.23,24.98,22.26,27.46,0,0,383162
06-11-2017,6,2,11,Nov,2017,1.8,19.34,24.95,21.68,28.28,1,0,239498
07-11-2017,7,3,11,Nov,2017,2.4,19.07,25.8,21.34,27.33,0,0,164728
08-11-2017,8,4,11,Nov,2017,-0.75,19.14,26.41,20.88,27.27,0,0,163044
09-11-2017,9,5,11,Nov,2017,-0.25,17.11,26.79,18.83,26.61,0,0,209548
10-11-2017,10,6,11,Nov,2017,0,18.64,26.91,19.74,26.85,0,0,202828
11-11-2017,11,7,11,Nov,2017,0,16.2,24.18,15.94,25.08,0,0,321998
12-11-2017,12,1,11,Nov,2017,0,19.11,26.22,19.38,26.24,0,0,580284.5
13-11-2017,13,2,11,Nov,2017,0,20.47,27.62,21.67,28.5,0,0,245930
14-11-2017,14,3,11,Nov,2017,0,21.41,26.34,23.55,28.87,0,0,246098
15-11-2017,15,4,11,Nov,2017,0,20.86,27.88,22.96,28.85,0,0,197209
16-11-2017,16,5,11,Nov,2017,0,21.47,27.92,24.44,29.32,0,0,199614
17-11-2017,17,6,11,Nov,2017,0,21.35,28.05,22.91,29.21,0,0,204488
18-11-2017,18,7,11,Nov,2017,0,20.54,28.02,22.81,28.99,0,0,317825
19-11-2017,19,1,11,Nov,2017,0,20.66,28.16,22.09,29.99,0,0,339598
20-11-2017,20,2,11,Nov,2017,0,20.85,28.57,22.96,29.82,0,0,176700
21-11-2017,21,3,11,Nov,2017,0,20.3,28.32,21.79,29.35,0,0,168908
22-11-2017,22,4,11,Nov,2017,0,17.93,28.3,18.11,28.78,0,0,155680
23-11-2017,23,5,11,Nov,2017,-0.75,19.47,28.55,21.87,29.02,0,0,171832
24-11-2017,24,6,11,Nov,2017,0,20.19,28.26,22.16,28.92,0,0,226353
25-11-2017,25,7,11,Nov,2017,0,16.99,25.96,17.45,26.12,0,46,267776
26-11-2017,26,1,11,Nov,2017,0,19.57,25.54,21.11,26.95,0,0,311961
27-11-2017,27,2,11,Nov,2017,-0.5,18.2,25.09,20.08,27.2,0,0,183586
28-11-2017,28,3,11,Nov,2017,-0.25,18.94,27.6,20.68,28.02,0,41,159877
29-11-2017,29,4,11,Nov,2017,0,19.58,26.27,20.26,26.53,0,0,159802
30-11-2017,30,5,11,Nov,2017,12,20.01,23.9,22.51,25.91,0,0,164024.5
01-12-2017,1,6,12,Dec,2017,6.55,19.03,21.56,19.51,24.64,1,0,183617
02-12-2017,2,7,12,Dec,2017,0,18.78,21.59,20.16,23.37,0,0,299534.5
03-12-2017,3,1,12,Dec,2017,-0.75,18.54,23.97,20.59,25.58,0,0,343568.5
04-12-2017,4,2,12,Dec,2017,0,18.78,25.06,20.29,26.53,0,0,177070
05-12-2017,5,3,12,Dec,2017,-0.25,18.17,25.56,19.28,26.01,0,0,161236
06-12-2017,6,4,12,Dec,2017,0,19.65,27.39,21.52,28.93,0,0,167416
07-12-2017,7,5,12,Dec,2017,0,16.42,27.99,16.04,28.16,0,0,207790
08-12-2017,8,6,12,Dec,2017,0,15.98,28.97,15.19,26.52,0,0,190654
09-12-2017,9,7,12,Dec,2017,-0.75,17.15,28.21,17.22,27.26,0,0,303414.5
12-12-2017,12,3,12,Dec,2017,-0.25,19.15,27.42,21.75,28.57,0,0,164164.5
13-12-2017,13,4,12,Dec,2017,-1,18.35,27.12,19.79,28.65,0,0,165838.5
14-12-2017,14,5,12,Dec,2017,0,18.2,28.21,19.34,28.04,0,0,181464
15-12-2017,15,6,12,Dec,2017,0,18.53,27.21,19.8,26.42,0,0,182991
16-12-2017,16,7,12,Dec,2017,-0.25,16.22,25.76,17.24,24.96,0,0,285366.5
17-12-2017,17,1,12,Dec,2017,0,16.03,26,15.66,24.07,0,0,335066.5
18-12-2017,18,2,12,Dec,2017,0,15.52,24.71,14.46,24.21,0,0,191192.5
19-12-2017,19,3,12,Dec,2017,-0.25,16.9,26.28,16.96,26.09,0,0,161441
20-12-2017,20,4,12,Dec,2017,-0.5,14.17,27.03,14.02,26.09,0,0,165961
21-12-2017,21,5,12,Dec,2017,-0.25,17.17,26.88,18,25.32,0,41,177287
22-12-2017,22,6,12,Dec,2017,-0.25,17.18,27.05,18.16,25.18,0,0,207058.5
23-12-2017,23,7,12,Dec,2017,-0.25,15.33,26,16.07,24.78,0,0,269612.5
24-12-2017,24,1,12,Dec,2017,0,15.93,27.14,16.84,24.37,0,51,303225
25-12-2017,25,2,12,Dec,2017,-0.75,16.6,24.45,16.57,25.1,1,0,316071
26-12-2017,26,3,12,Dec,2017,0,15.89,27.56,15.83,25.78,0,0,195075.5
27-12-2017,27,4,12,Dec,2017,-0.5,15.28,26.3,15.94,24.86,0,0,170966.5
28-12-2017,28,5,12,Dec,2017,0,14.38,24.88,13.48,23.51,0,0,220173
29-12-2017,29,6,12,Dec,2017,0,16.05,25.9,14.63,24,0,0,214656.5
30-12-2017,30,7,12,Dec,2017,0,17.35,25.15,17.65,24.41,0,0,279029.5
31-12-2017,31,1,12,Dec,2017,-0.25,16.2,26.48,15.8,24.51,0,51,350902
01-01-2018,1,2,1,Jan,2018,-0.5,17.01,27.75,17.59,26.34,0,50,451708.5
02-01-2018,2,3,1,Jan,2018,-0.75,18.76,27.91,20.54,27,0,82,160510
03-01-2018,3,4,1,Jan,2018,0,17.86,26.5,18.75,26.58,0,0,160511.5
04-01-2018,4,5,1,Jan,2018,0,16.1,26.51,15.99,26.38,0,0,169303
05-01-2018,5,6,1,Jan,2018,0,15.29,25.95,13.88,25.44,0,0,177526
06-01-2018,6,7,1,Jan,2018,0,15.75,25.87,15.76,24.68,0,43,291668.5
07-01-2018,7,1,1,Jan,2018,0,14.52,26.01,12.48,25.07,0,0,325475.5
08-01-2018,8,2,1,Jan,2018,-0.5,15.12,25.33,14.96,23.11,0,0,186708
09-01-2018,9,3,1,Jan,2018,0,18.46,26.05,18.65,24.44,0,78,180732
10-01-2018,10,4,1,Jan,2018,-0.75,17.94,27,18.24,25.75,0,0,180533.5
11-01-2018,11,5,1,Jan,2018,0,19.34,28.11,21.22,29.29,0,0,186933
12-01-2018,12,6,1,Jan,2018,0,18.28,28.1,18.62,29.13,0,0,193708
13-01-2018,13,7,1,Jan,2018,0,15.98,29.3,14.98,27.33,0,90,300381
14-01-2018,14,1,1,Jan,2018,0,16.57,29.4,15.64,26.59,0,0,348821.5
15-01-2018,15,2,1,Jan,2018,-0.25,16.31,29.02,16.95,27.31,1,0,250953
16-01-2018,16,3,1,Jan,2018,-0.25,16.62,27.78,18.09,26.66,0,0,173062
17-01-2018,17,4,1,Jan,2018,0,15.86,26.94,14.72,25.46,0,0,170138
18-01-2018,18,5,1,Jan,2018,0,13.34,27.23,11.82,23.56,0,0,170818.5
19-01-2018,19,6,1,Jan,2018,0,14.44,26.48,12.63,24.11,0,0,177323.5
20-01-2018,20,7,1,Jan,2018,0,13.46,26.74,13.49,24.12,0,0,286129
21-01-2018,21,1,1,Jan,2018,0,13.67,27.26,13.77,24.47,0,0,292401.5
22-01-2018,22,2,1,Jan,2018,0,15.37,26.76,14.42,24.66,0,0,172391
23-01-2018,23,3,1,Jan,2018,0,17.76,27.98,18.01,27.64,0,0,152946.5
24-01-2018,24,4,1,Jan,2018,0,17.87,27.99,17.99,28.01,0,0,161124
25-01-2018,25,5,1,Jan,2018,-0.25,16.23,28.06,16.82,26.13,0,0,175820.5
26-01-2018,26,6,1,Jan,2018,0,16.64,27.06,15.91,25.37,1,0,280565.5
27-01-2018,27,7,1,Jan,2018,0,16.12,27.29,14.7,26.53,0,0,245467.5
28-01-2018,28,1,1,Jan,2018,0,16.16,27.52,15.22,26.46,0,0,250342.5
29-01-2018,29,2,1,Jan,2018,-0.25,16.07,27.88,16.61,26.46,0,0,170907.5
30-01-2018,30,3,1,Jan,2018,0,15.31,27.21,13.74,25.1,0,0,147681.5
31-01-2018,31,4,1,Jan,2018,0,14.24,27.9,12.86,26.19,0,0,134367
01-02-2018,1,5,2,Feb,2018,0,14.94,28.36,13.09,24.54,0,0,166865.5
02-02-2018,2,6,2,Feb,2018,0,14.5,28.69,11.84,24.96,0,0,190614
03-02-2018,3,7,2,Feb,2018,0,14.46,27.42,13.83,24.44,0,0,259599.5
04-02-2018,4,1,2,Feb,2018,0,14.01,27.27,12.07,25.19,0,0,279397
05-02-2018,5,2,2,Feb,2018,0,17.08,27.88,16.13,24.71,0,0,172681.5
06-02-2018,6,3,2,Feb,2018,0,19.74,29.65,21.09,29.32,0,0,166619
07-02-2018,7,4,2,Feb,2018,4.35,19.21,28.22,20.72,29.01,0,0,150310
08-02-2018,8,5,2,Feb,2018,0,19.21,27.68,19.28,27.41,0,0,173570
09-02-2018,9,6,2,Feb,2018,4.65,20.11,30.64,21.91,31.65,0,0,179377.5
10-02-2018,10,7,2,Feb,2018,-0.25,18.24,29.16,18.53,27.82,0,0,280228.5
11-02-2018,11,1,2,Feb,2018,0,18.58,29.04,19.38,27,0,0,290092.5
12-02-2018,12,2,2,Feb,2018,0,19.21,28.23,19.69,28.6,0,0,189858
13-02-2018,13,3,2,Feb,2018,0,18.61,28.83,18.83,27.35,1,39,192049.5
14-02-2018,14,4,2,Feb,2018,-0.25,18.04,28.85,19.38,28.33,0,0,175088
15-02-2018,15,5,2,Feb,2018,-0.25,17.82,28.62,19.49,27.77,0,0,174315
16-02-2018,16,6,2,Feb,2018,-0.5,16.26,29.45,16.51,26.83,0,0,180811.5
17-02-2018,17,7,2,Feb,2018,0,17.66,29.78,16.4,27.9,0,0,267579.5
18-02-2018,18,1,2,Feb,2018,-0.25,16.19,30.38,16.78,27.9,0,0,258709.5
19-02-2018,19,2,2,Feb,2018,-0.25,16.41,30.1,17.17,27.01,0,0,179560.5
20-02-2018,20,3,2,Feb,2018,-0.25,17.25,29.82,16.08,26.78,0,0,170099.5
21-02-2018,21,4,2,Feb,2018,-0.25,16.39,29.94,16.78,26.98,0,77,152887
22-02-2018,22,5,2,Feb,2018,0,17.75,30.58,15.64,28.19,0,0,163626.5
23-02-2018,23,6,2,Feb,2018,0,16.18,29.88,14.57,26.77,0,0,175196.5
24-02-2018,24,7,2,Feb,2018,-0.25,17.92,29.4,17.99,26.64,0,44,266548.5
25-02-2018,25,1,2,Feb,2018,-0.25,17.18,29.96,18.1,27.14,0,0,276210.5
26-02-2018,26,2,2,Feb,2018,0,18.45,30.73,17.87,27.92,0,40,168893
27-02-2018,27,3,2,Feb,2018,-0.25,15.71,31.35,15.83,28.71,0,0,161368
28-02-2018,28,4,2,Feb,2018,0,17.87,30.98,16.04,27.62,0,0,158962.5
01-03-2018,1,5,3,Mar,2018,0,17.51,31.15,16.26,27.44,0,40,176790
02-03-2018,2,6,3,Mar,2018,0,18.18,31.85,16.15,29.17,0,0,206801.5
03-03-2018,3,7,3,Mar,2018,0,17.93,32.06,14.64,28.42,0,0,248549.5
04-03-2018,4,1,3,Mar,2018,0,17.57,31.95,16.24,29.28,0,50,287493.5
05-03-2018,5,2,3,Mar,2018,0,18.11,32.06,16,29.31,0,0,167216
06-03-2018,6,3,3,Mar,2018,0,15.66,32.64,14.31,28.93,0,0,152748
07-03-2018,7,4,3,Mar,2018,0,17.54,31.96,18.08,28.2,0,0,151765
08-03-2018,8,5,3,Mar,2018,0,17.26,31.66,14.25,28.21,0,0,189225
09-03-2018,9,6,3,Mar,2018,0,17.73,32.09,17.83,28.93,0,0,173091
10-03-2018,10,7,3,Mar,2018,0,18.67,31.88,17.73,29.63,0,0,277595
11-03-2018,11,1,3,Mar,2018,0,19.04,32.58,19.91,28.83,0,48,302897.5
12-03-2018,12,2,3,Mar,2018,0,21.01,31.84,21.93,30.5,0,0,180438
13-03-2018,13,3,3,Mar,2018,1.8,22.16,30.37,21.96,30.8,0,0,140706
14-03-2018,14,4,3,Mar,2018,1.8,22.92,31.06,24.94,29.9,0,0,132936
15-03-2018,15,5,3,Mar,2018,7.2,21.28,31.64,23.1,31.8,0,0,157905.5
16-03-2018,16,6,3,Mar,2018,4.65,20.18,30.53,22.45,32.7,0,0,168162.5
17-03-2018,17,7,3,Mar,2018,1.8,20.67,28.77,22.1,30.59,0,45,267448
18-03-2018,18,1,3,Mar,2018,-0.25,19.22,29.11,21.5,30.16,1,0,317778.5
19-03-2018,19,2,3,Mar,2018,0,19.24,30.53,19.84,29.46,0,0,195789
20-03-2018,20,3,3,Mar,2018,-0.25,20.13,31.97,22.53,29.61,0,39,175176
21-03-2018,21,4,3,Mar,2018,0,23.64,32.7,25.12,32.55,0,0,167306
22-03-2018,22,5,3,Mar,2018,0,22.08,31.9,23.43,31.8,0,39,188019.5
23-03-2018,23,6,3,Mar,2018,0,23.14,33.4,23.53,31.62,0,0,196249.5
24-03-2018,24,7,3,Mar,2018,0,21.74,32.34,22.95,31.75,0,0,288384
25-03-2018,25,1,3,Mar,2018,-0.25,20.37,33.04,22.21,32.15,1,0,319972.5
26-03-2018,26,2,3,Mar,2018,0,20.94,32.28,20.01,29.77,0,0,183539
27-03-2018,27,3,3,Mar,2018,0,21.39,33.16,21.87,31.55,0,0,168829
28-03-2018,28,4,3,Mar,2018,0,23.15,32.92,24.87,32.46,0,0,156528.5
29-03-2018,29,5,3,Mar,2018,0,24.93,33.21,27.66,35.89,1,0,202923.5
30-03-2018,30,6,3,Mar,2018,2.35,21.32,32.59,24.03,33.87,1,0,204579.5
31-03-2018,31,7,3,Mar,2018,0.2,20.4,32.08,22.93,33.78,0,0,267712
01-04-2018,1,1,4,Apr,2018,0,22.85,32.32,25.67,32.76,0,0,320041.5
02-04-2018,2,2,4,Apr,2018,1.15,20.16,31.94,20.52,32.77,0,0,186453.5
03-04-2018,3,3,4,Apr,2018,-0.25,20.99,31.28,23.4,32.76,0,0,169280.5
04-04-2018,4,4,4,Apr,2018,-0.25,19.75,32.51,21.89,31.5,0,0,172251.5
05-04-2018,5,5,4,Apr,2018,0,21.51,32.29,22.54,30.94,0,0,183742
06-04-2018,6,6,4,Apr,2018,0,22.25,32.97,22.37,32.54,0,0,211036.5
07-04-2018,7,7,4,Apr,2018,0,20.34,31.99,21.55,31.94,0,0,307386
08-04-2018,8,1,4,Apr,2018,0,20.27,31.69,22.28,30.17,0,0,299511
09-04-2018,9,2,4,Apr,2018,0,20.27,31.55,23.15,31.42,0,0,180989.5
10-04-2018,10,3,4,Apr,2018,0,21.95,31.71,24.68,31.01,0,0,194786.5
11-04-2018,11,4,4,Apr,2018,0,22.41,32.26,23.59,32.29,0,0,171539
12-04-2018,12,5,4,Apr,2018,0,22.67,32.81,24.1,32.63,0,37,197970
13-04-2018,13,6,4,Apr,2018,0,23.65,32.4,25.58,31.97,0,0,198085.5
14-04-2018,14,7,4,Apr,2018,0,24.63,34.08,26.09,34.12,1,0,284748
15-04-2018,15,1,4,Apr,2018,0,24.32,33,26.62,33.92,0,0,306184
16-04-2018,16,2,4,Apr,2018,0,23.29,33.35,25.56,33.88,0,0,187240
17-04-2018,17,3,4,Apr,2018,0,23.28,33.84,24.37,34.18,0,0,187430
18-04-2018,18,4,4,Apr,2018,0,24.82,34.72,25,36.22,1,0,213092
19-04-2018,19,5,4,Apr,2018,0,24.02,33.57,26.69,36.23,0,0,183064.5
20-04-2018,20,6,4,Apr,2018,1.8,23.21,33.51,24.86,34.61,0,0,183792
21-04-2018,21,7,4,Apr,2018,0,24.28,34.06,27.77,34.45,0,0,266406.5
22-04-2018,22,1,4,Apr,2018,1.9,22.08,33.66,24.48,35.82,0,0,267659
23-04-2018,23,2,4,Apr,2018,0,24.44,33.54,25.26,34.29,0,0,197595
24-04-2018,24,3,4,Apr,2018,3.7,22.95,31.34,23.64,34.92,0,0,167091
25-04-2018,25,4,4,Apr,2018,0,23.88,33.02,26.64,34.28,0,0,151866.5
26-04-2018,26,5,4,Apr,2018,0,22.56,33.1,24.12,34.19,0,0,173719
27-04-2018,27,6,4,Apr,2018,0,23.19,33.82,24.09,34.37,0,0,205637
28-04-2018,28,7,4,Apr,2018,0,22.74,32.92,24.14,32.67,0,0,261748
29-04-2018,29,1,4,Apr,2018,0,24.17,33.76,24.67,34.93,0,0,286848.5
30-04-2018,30,2,4,Apr,2018,0,22.9,34.77,23.86,35.91,0,0,211475
01-05-2018,1,3,5,May,2018,0,24.02,32.54,25.13,35.55,1,0,259542
02-05-2018,2,4,5,May,2018,0,22.71,32.42,25.78,36.05,0,0,167865
03-05-2018,3,5,5,May,2018,6.05,20.08,32.79,21.78,36.39,0,0,194233.5
04-05-2018,4,6,5,May,2018,0,23.36,30.85,25.04,32.68,0,0,217068.5
05-05-2018,5,7,5,May,2018,0,23.07,31.78,23.46,32.91,0,0,274325.5
06-05-2018,6,1,5,May,2018,0,24.07,32.03,26.41,32.77,0,0,286548
07-05-2018,7,2,5,May,2018,0,24.91,32.65,27.32,33.95,0,39,229725.5
08-05-2018,8,3,5,May,2018,1.8,21.84,32.5,24.36,35.71,0,43,177717
09-05-2018,9,4,5,May,2018,2.2,24.39,30.71,26.06,32.26,0,43,177421
10-05-2018,10,5,5,May,2018,6.6,20.77,32.11,23.17,33.98,0,0,197438
11-05-2018,11,6,5,May,2018,3.7,21.18,31.65,23.35,34.67,0,0,183028
12-05-2018,12,7,5,May,2018,2.55,21.88,31.18,24.69,33.64,1,0,338151.5
13-05-2018,13,1,5,May,2018,1.8,21.69,31.24,24.02,35.34,0,0,281049
14-05-2018,14,2,5,May,2018,0,22.38,30.63,24.31,34,0,0,204315.5
15-05-2018,15,3,5,May,2018,4.55,21.55,31.56,23.96,30.98,0,35,201553
16-05-2018,16,4,5,May,2018,0,22.12,30.93,24.59,32.79,0,42,181675.5
17-05-2018,17,5,5,May,2018,1.45,22.91,31.57,25.56,32.79,0,0,194478.5
18-05-2018,18,6,5,May,2018,1.8,21.65,30.45,24.12,33.1,0,0,197736
19-05-2018,19,7,5,May,2018,3.6,21.21,31.91,22.99,35.61,0,0,293519.5
20-05-2018,20,1,5,May,2018,3.35,21.6,31.35,23.18,32.72,0,0,299435
21-05-2018,21,2,5,May,2018,2.85,20.95,30.14,22.59,32.7,0,0,174898
22-05-2018,22,3,5,May,2018,0,22.78,31.36,26.3,34.65,0,0,182927
23-05-2018,23,4,5,May,2018,0.85,21.32,30.22,23.03,33.96,0,0,173478
24-05-2018,24,5,5,May,2018,0.7,23.69,31.16,27.12,32.23,0,0,200969
25-05-2018,25,6,5,May,2018,9.4,21.35,29.87,24.27,33.49,0,43,164712
26-05-2018,26,7,5,May,2018,1.9,22.88,29.81,26.18,33.17,0,0,277473
27-05-2018,27,1,5,May,2018,0.7,23.22,30.68,26.58,32.43,0,0,306662
28-05-2018,28,2,5,May,2018,0,23.39,31.27,23.89,35.19,0,0,207937.5
29-05-2018,29,3,5,May,2018,2.5,22.69,29.81,22.9,31.87,0,0,193915
30-05-2018,30,4,5,May,2018,5.1,21.48,29.23,23.21,31.74,0,0,153829
31-05-2018,31,5,5,May,2018,0,23.82,30.08,26.61,33.72,0,0,190869.5
01-06-2018,1,6,6,Jun,2018,3.9,21.49,30.96,24.55,34.58,0,0,181847
02-06-2018,2,7,6,Jun,2018,3.6,20.86,28.74,22.94,30.32,0,0,273127.5
03-06-2018,3,1,6,Jun,2018,2.15,21.2,29.26,23.32,30.9,0,0,300554.5
04-06-2018,4,2,6,Jun,2018,0,21.87,28.19,24.76,30.01,0,0,193099
05-06-2018,5,3,6,Jun,2018,2.55,22.71,29.52,24.97,32.87,0,0,172521.5
06-06-2018,6,4,6,Jun,2018,0,22.22,29.58,22.77,29.96,0,0,164706
07-06-2018,7,5,6,Jun,2018,0,22,28.11,23.7,28.41,0,0,175404.5
08-06-2018,8,6,6,Jun,2018,3.6,21.51,26.66,21.65,29.2,0,0,185493
09-06-2018,9,7,6,Jun,2018,3.6,21.21,24.94,21.38,26.64,0,0,274463
10-06-2018,10,1,6,Jun,2018,3.3,21.92,26.02,23.17,27.89,0,0,296944.5
11-06-2018,11,2,6,Jun,2018,1.8,22.15,26.87,23.4,27.97,0,0,175401
12-06-2018,12,3,6,Jun,2018,0,22.07,28.43,23.25,29.53,0,39,178126.5
13-06-2018,13,4,6,Jun,2018,0.7,21.53,28.07,22.13,29.54,0,0,181978.5
14-06-2018,14,5,6,Jun,2018,1.2,21.43,27.5,24.11,30.26,0,0,176440
15-06-2018,15,6,6,Jun,2018,2.1,20.88,30.28,23.98,31.62,0,44,188806
16-06-2018,16,7,6,Jun,2018,0,21.34,30.12,23.73,32.38,1,49,313059.5
17-06-2018,17,1,6,Jun,2018,0,21.1,28.76,23.63,30.57,0,52,309423.5
18-06-2018,18,2,6,Jun,2018,0,21.06,29.05,22.37,31.8,0,0,198820
19-06-2018,19,3,6,Jun,2018,0,21.73,28.53,22.48,28.2,0,0,167047
20-06-2018,20,4,6,Jun,2018,0,21.67,27.68,23.09,28.25,0,0,163202.5
21-06-2018,21,5,6,Jun,2018,1.8,20.95,27.96,22.56,29.69,0,0,158714
22-06-2018,22,6,6,Jun,2018,1.8,21.25,26.92,22.31,27.73,0,0,193509
23-06-2018,23,7,6,Jun,2018,5.3,21,27.86,23.34,29.29,0,0,227948
24-06-2018,24,1,6,Jun,2018,0,21.05,28.29,22.72,29.98,0,0,288314.5
25-06-2018,25,2,6,Jun,2018,0,20.94,27.78,22.54,31.18,0,0,177625
26-06-2018,26,3,6,Jun,2018,0,20.93,27.67,21.22,27.77,0,0,162979
27-06-2018,27,4,6,Jun,2018,1.8,21.14,26.92,20.71,27.86,0,0,163510
28-06-2018,28,5,6,Jun,2018,1.8,20.94,25.47,22.03,29.3,0,0,191983
29-06-2018,29,6,6,Jun,2018,0,20.62,28.11,21.71,28.84,0,0,187157.5
30-06-2018,30,7,6,Jun,2018,0,21.16,28.52,22.88,30.52,0,0,269328
01-07-2018,1,1,7,Jul,2018,0,21.81,27.56,23.29,29.12,0,100,322480.5
02-07-2018,2,2,7,Jul,2018,2.4,20.97,29.17,22.44,30.05,0,0,170172.5
03-07-2018,3,3,7,Jul,2018,0,21.3,28.43,23.02,29.49,0,0,169924
04-07-2018,4,4,7,Jul,2018,0,20.9,28.11,22.26,27.64,0,0,146345
05-07-2018,5,5,7,Jul,2018,0,21.09,29.52,21.35,29.95,0,0,172517
06-07-2018,6,6,7,Jul,2018,2.55,21.23,25.5,22.57,28.06,0,0,186130.5
07-07-2018,7,7,7,Jul,2018,1.8,21.28,26.25,22.95,26.67,0,46,280655.5
08-07-2018,8,1,7,Jul,2018,1.8,21.36,26.67,22.96,28.79,0,0,287247.5
09-07-2018,9,2,7,Jul,2018,3.6,21.14,27.19,23.69,29.67,0,42,169442.5
10-07-2018,10,3,7,Jul,2018,6,21.12,26.2,22.5,28.2,0,0,159961.5
11-07-2018,11,4,7,Jul,2018,5.7,20.77,26.17,22.84,27.98,0,0,148108
12-07-2018,12,5,7,Jul,2018,0,21.02,26.67,22.31,27.4,0,0,163407
13-07-2018,13,6,7,Jul,2018,3.7,20.98,25.77,20.58,27.94,0,0,198805.5
14-07-2018,14,7,7,Jul,2018,4.5,21.88,27.02,22.03,28.77,0,46,292109.5
15-07-2018,15,1,7,Jul,2018,0,21.78,27.45,21.84,28.26,0,50,294761.5
16-07-2018,16,2,7,Jul,2018,2.4,20.9,26.36,20,26.7,0,0,173380.5
17-07-2018,17,3,7,Jul,2018,0,20.5,26.41,21.22,27.32,0,0,142651
18-07-2018,18,4,7,Jul,2018,0,21.9,28.56,22.47,28.66,0,0,154907
19-07-2018,19,5,7,Jul,2018,2.1,21.01,27.05,22.31,25.16,0,0,172746.5
20-07-2018,20,6,7,Jul,2018,1.8,21.58,26.56,21.39,26.69,0,0,190155
21-07-2018,21,7,7,Jul,2018,2.4,21.14,26.26,18.27,28.06,0,0,291239
22-07-2018,22,1,7,Jul,2018,1.8,21.21,27.86,22.25,27.77,0,0,334422
23-07-2018,23,2,7,Jul,2018,5.4,21.17,27.14,24,27.83,0,0,145397.5
24-07-2018,24,3,7,Jul,2018,2.1,21.02,27.41,22.9,30.05,0,0,162917
25-07-2018,25,4,7,Jul,2018,1.8,21.22,27.28,23.47,28.74,0,0,177284
26-07-2018,26,5,7,Jul,2018,0,21.26,26.97,22.74,29.39,0,0,162798.5
27-07-2018,27,6,7,Jul,2018,0,21.09,26.74,22.95,26.82,0,0,157859
28-07-2018,28,7,7,Jul,2018,3.6,21.74,27.19,23.1,29.78,0,0,282638.5
29-07-2018,29,1,7,Jul,2018,2.4,21.25,27.89,23.68,30.7,0,47,287512.5
30-07-2018,30,2,7,Jul,2018,2.4,21.16,27.9,22.96,29.72,0,0,176028.5
31-07-2018,31,3,7,Jul,2018,0,20.34,27.12,20.68,30.04,0,39,149712
01-08-2018,1,4,8,Aug,2018,1.8,20.25,27.15,22.13,27.73,0,0,140811.5
02-08-2018,2,5,8,Aug,2018,0,20.99,28.56,22.65,29.09,0,0,177798.5
03-08-2018,3,6,8,Aug,2018,0,20.04,27.91,20.89,28.74,0,0,190907
04-08-2018,4,7,8,Aug,2018,1.8,20.85,27.78,23.18,29.1,0,43,298145
05-08-2018,5,1,8,Aug,2018,0,21.05,27.82,22.61,28.14,0,0,322704
06-08-2018,6,2,8,Aug,2018,3.9,20.22,27.43,20.92,29.43,0,0,186562.5
07-08-2018,7,3,8,Aug,2018,1.2,21.04,25.41,21.68,28.31,0,0,159807.5
08-08-2018,8,4,8,Aug,2018,7.5,20.96,26.27,22.38,28.2,0,0,160245.5
09-08-2018,9,5,8,Aug,2018,0,20.99,28.2,21.69,29.45,0,0,180312.5
10-08-2018,10,6,8,Aug,2018,0,20.91,25.95,23.27,27.28,0,80,193000.5
11-08-2018,11,7,8,Aug,2018,9.3,20.8,25.09,22.27,27.37,0,42,272547
12-08-2018,12,1,8,Aug,2018,9.1,19.9,24.47,21.76,25.46,0,0,335395
13-08-2018,13,2,8,Aug,2018,6,20.19,24.73,19.02,25.14,0,0,186895.5
14-08-2018,14,3,8,Aug,2018,7.9,20.97,25.54,21.22,27.92,0,0,169165
15-08-2018,15,4,8,Aug,2018,6.6,21.05,25.95,21.27,28.75,1,0,297103
16-08-2018,16,5,8,Aug,2018,8.4,20.97,25.41,20.58,25.89,0,0,175661.5
17-08-2018,17,6,8,Aug,2018,1.2,21.03,27.38,22.53,28.06,0,0,215218
18-08-2018,18,7,8,Aug,2018,2,21.31,27.4,22.34,26.91,0,45,254815.5
19-08-2018,19,1,8,Aug,2018,1.8,20.7,26.95,21.87,26.86,0,0,325520.5
20-08-2018,20,2,8,Aug,2018,0,21.01,26.95,20.9,26.86,0,0,167092
21-08-2018,21,3,8,Aug,2018,0,20.35,28.24,21.56,27.6,0,0,173950
22-08-2018,22,4,8,Aug,2018,0,21.17,27.8,23.56,28.36,1,0,239458.5
23-08-2018,23,5,8,Aug,2018,0,20.66,27.9,21.46,28.73,0,0,188971
24-08-2018,24,6,8,Aug,2018,3.9,20.37,27.36,22.88,29.07,0,44,175537
25-08-2018,25,7,8,Aug,2018,0,20.87,28.26,21.36,30.87,0,46,228864
26-08-2018,26,1,8,Aug,2018,1.8,19.96,27.78,22.28,29.46,0,0,273292
27-08-2018,27,2,8,Aug,2018,0,20.25,26.2,22.39,27.77,0,0,164287
28-08-2018,28,3,8,Aug,2018,3.9,20.25,27.49,22.39,28.44,0,0,132402.5
29-08-2018,29,4,8,Aug,2018,0,20.81,27.98,23.36,29.2,0,0,142076
30-08-2018,30,5,8,Aug,2018,6,20.76,27.57,23.96,30.04,0,0,150246
31-08-2018,31,6,8,Aug,2018,0,20.59,28.11,20.38,29.42,0,39,169878
01-09-2018,1,7,9,Sep,2018,0,20.54,28.14,22.15,29.87,0,0,264115.5
02-09-2018,2,1,9,Sep,2018,0,20.06,29.07,21.72,29.13,0,45,319479.5
03-09-2018,3,2,9,Sep,2018,0,20.03,29.14,21.22,29.3,0,0,172525
04-09-2018,4,3,9,Sep,2018,0,20.09,29.44,21.66,29.13,0,0,157785
05-09-2018,5,4,9,Sep,2018,0,21,28.21,22.35,29.03,0,0,189236
06-09-2018,6,5,9,Sep,2018,2.55,20.93,28.34,22.4,28.19,0,0,170658
07-09-2018,7,6,9,Sep,2018,0,19.95,28.11,19.63,27.71,0,0,189779
08-09-2018,8,7,9,Sep,2018,0,20.11,28.46,21.69,28.99,0,0,283767
09-09-2018,9,1,9,Sep,2018,0,23.42,29.73,24.02,30.1,0,44,330600
10-09-2018,10,2,9,Sep,2018,0,22.4,26.24,25.78,28.38,1,0,173398.5
11-09-2018,11,3,9,Sep,2018,0,20.91,29.51,23.79,30.7,0,0,169781
12-09-2018,12,4,9,Sep,2018,1.7,21.98,30.26,24.99,31.53,0,0,180639.5
14-09-2018,14,6,9,Sep,2018,10.35,20.32,30.3,22.56,31.43,0,0,147003
15-09-2018,15,7,9,Sep,2018,4.2,21.73,29.51,24.11,31.59,0,0,210576.5
16-09-2018,16,1,9,Sep,2018,5.9,20.18,29.23,22.64,29.79,0,0,233669.5
17-09-2018,17,2,9,Sep,2018,0,20.66,28.03,21.75,30.32,0,0,162703
18-09-2018,18,3,9,Sep,2018,0,20.85,28.31,22.96,30,0,0,153847.5
19-09-2018,19,4,9,Sep,2018,0,20.42,27.98,21.78,28.84,0,0,159256.5
20-09-2018,20,5,9,Sep,2018,4.65,21.15,27.48,23.8,28.52,0,40,159852.5
21-09-2018,21,6,9,Sep,2018,0,18.84,27.61,20.18,28.68,1,0,200577
22-09-2018,22,7,9,Sep,2018,0,20.97,28.57,23.05,29.43,0,0,263361
23-09-2018,23,1,9,Sep,2018,5.85,21.59,29.04,24.4,31.21,0,0,284496.5
24-09-2018,24,2,9,Sep,2018,4.75,20.15,28.55,22.91,30.89,0,0,149694.5
25-09-2018,25,3,9,Sep,2018,5.1,21.21,29.4,23.72,31.17,0,0,135102
26-09-2018,26,4,9,Sep,2018,4.65,20.79,29.32,23.69,31.63,0,0,141666.5
27-09-2018,27,5,9,Sep,2018,2.85,22.03,28.53,24.88,30.74,0,0,156148.5
28-09-2018,28,6,9,Sep,2018,5.3,22.1,29.03,24.86,30.58,0,0,163166
29-09-2018,29,7,9,Sep,2018,0,22.78,29.26,26.02,31.11,0,43,281342.5
30-09-2018,30,1,9,Sep,2018,1.8,21.84,30.14,24.7,32.05,0,47,294124
01-10-2018,1,2,10,Oct,2018,2.1,21.81,29.47,24.93,31.67,0,0,182214.5
02-10-2018,2,3,10,Oct,2018,0,21.94,29.39,24.64,31.19,1,43,295106
03-10-2018,3,4,10,Oct,2018,7.2,21.78,29.38,24.88,31.28,0,41,135330.5
04-10-2018,4,5,10,Oct,2018,5.7,20.93,24.47,22.58,27.4,0,0,142240
05-10-2018,5,6,10,Oct,2018,4.9,21,26.35,23.64,28.9,0,0,180333
06-10-2018,6,7,10,Oct,2018,5.6,20.98,26.49,23.78,29.64,0,0,248901.5
07-10-2018,7,1,10,Oct,2018,0,21.26,29,24.05,29.79,0,48,320054
08-10-2018,8,2,10,Oct,2018,2.1,21.14,28.87,23.95,29.7,1,0,168504
09-10-2018,9,3,10,Oct,2018,-0.25,19.33,28.92,22.34,29.6,0,0,178398.5
10-10-2018,10,4,10,Oct,2018,0,19.02,28.79,18.24,29.13,0,0,184489
11-10-2018,11,5,10,Oct,2018,0,19.39,29.91,20.98,30.76,0,0,189205.5
12-10-2018,12,6,10,Oct,2018,0,20.09,30.05,21.19,29.97,0,0,196554
13-10-2018,13,7,10,Oct,2018,0,21.95,30.83,23.89,31.7,0,89,259238
14-10-2018,14,1,10,Oct,2018,3.6,20.96,29.45,23.69,31.78,0,0,288452.5
15-10-2018,15,2,10,Oct,2018,5.2,21.24,28.52,23.1,31.78,0,0,180431
16-10-2018,16,3,10,Oct,2018,2.3,21.01,28.2,23.55,29.94,0,0,180053.5
17-10-2018,17,4,10,Oct,2018,4.65,20.01,28.31,22.3,30.98,0,42,167108.5
18-10-2018,18,5,10,Oct,2018,3.1,20.63,27.99,23.21,29.4,1,0,246360
19-10-2018,19,6,10,Oct,2018,1.8,20.1,28.3,23.01,30.81,1,0,302037.5
20-10-2018,20,7,10,Oct,2018,0,20.82,28.08,21.87,28.65,0,0,277029
21-10-2018,21,1,10,Oct,2018,0,18.91,26.57,19.1,28.04,0,0,253646.5
22-10-2018,22,2,10,Oct,2018,-0.25,17.98,28.75,19.31,27.19,0,0,170119
23-10-2018,23,3,10,Oct,2018,-0.25,17.13,29.77,18.44,27.97,0,0,161731.5
24-10-2018,24,4,10,Oct,2018,-0.5,17.38,29.78,19.53,28.86,1,0,178743
25-10-2018,25,5,10,Oct,2018,-0.5,18.23,29.02,20.77,28.3,0,0,163587
26-10-2018,26,6,10,Oct,2018,0,18.15,28.55,19.19,28.51,0,38,173628.5
27-10-2018,27,7,10,Oct,2018,0,16.37,28.57,17.8,27.21,0,0,258152.5
28-10-2018,28,1,10,Oct,2018,0,16.84,28.76,15.19,26.7,0,0,288976.5
29-10-2018,29,2,10,Oct,2018,0,16,28.55,13.93,27.32,0,33,157179.5
30-10-2018,30,3,10,Oct,2018,0,18.28,29.3,19.98,29.69,0,36,159389
31-10-2018,31,4,10,Oct,2018,0,20.11,29.49,22.39,30.62,0,0,158104
01-11-2018,1,5,11,Nov,2018,0,20.04,28.51,21.28,29.19,1,0,296382
02-11-2018,2,6,11,Nov,2018,0,20.56,27.71,22.6,29.86,0,0,189035.5
03-11-2018,3,7,11,Nov,2018,2.4,19.81,26.96,21.45,28.16,0,0,258257.5
04-11-2018,4,1,11,Nov,2018,0,20.28,28.25,21.62,29.24,0,0,287088.5
05-11-2018,5,2,11,Nov,2018,0,19.59,28.94,20.97,28.75,0,0,216790
06-11-2018,6,3,11,Nov,2018,0,19.42,28.61,21.64,28.88,1,0,226819
07-11-2018,7,4,11,Nov,2018,0,15.57,29.24,14.95,27.53,0,48,297658.5
08-11-2018,8,5,11,Nov,2018,0,17.09,29.03,18.04,28.97,1,0,319554.5
09-11-2018,9,6,11,Nov,2018,0,17.39,29.21,18.32,28.64,0,0,196491
10-11-2018,10,7,11,Nov,2018,-0.25,16.87,29.05,18.5,28.13,0,0,252724.5
11-11-2018,11,1,11,Nov,2018,0,16.85,28.82,16.83,27.51,0,0,305470
12-11-2018,12,2,11,Nov,2018,0,15.7,28.76,14.51,27.84,1,0,194844.5
13-11-2018,13,3,11,Nov,2018,0,14.76,29.08,12.79,27.69,0,0,169486
14-11-2018,14,4,11,Nov,2018,0,15.87,29.55,14.75,28.11,0,0,181991.5
15-11-2018,15,5,11,Nov,2018,0,20.53,26.81,22.3,28.95,0,0,167027.5
16-11-2018,16,6,11,Nov,2018,-0.75,19.17,26.04,20.68,27.44,0,0,182622.5
17-11-2018,17,7,11,Nov,2018,-1,20.38,29.59,23.18,28.57,0,0,272094
18-11-2018,18,1,11,Nov,2018,1.4,20.52,30.02,22.22,29.56,0,0,323237
19-11-2018,19,2,11,Nov,2018,0.9,19.79,29.04,21.7,28.79,0,0,169153.5
20-11-2018,20,3,11,Nov,2018,-0.75,19.24,29.97,21.01,29.02,0,0,164692
21-11-2018,21,4,11,Nov,2018,0.7,20.03,25.89,20.07,24.53,1,0,201726.5
22-11-2018,22,5,11,Nov,2018,0.65,20.25,23.35,19.98,24.24,0,0,172798
23-11-2018,23,6,11,Nov,2018,7.8,19.95,23.38,22.46,25.78,0,0,157735
24-11-2018,24,7,11,Nov,2018,0,19.18,27.1,21.28,29.12,0,0,244471
25-11-2018,25,1,11,Nov,2018,0,18.23,27.8,19.6,28.28,0,0,313050
26-11-2018,26,2,11,Nov,2018,-0.75,17.42,27.63,18.27,27.43,1,0,214434
27-11-2018,27,3,11,Nov,2018,0,15.51,26.15,15.22,26.25,0,0,180240
28-11-2018,28,4,11,Nov,2018,-0.5,18.06,27.34,19.83,27.31,0,0,188794.5
29-11-2018,29,5,11,Nov,2018,0,19.13,27.01,18.92,28.53,0,0,175271.5
30-11-2018,30,6,11,Nov,2018,0,18.73,28.07,20.29,28.14,0,0,208850.5
01-12-2018,1,7,12,Dec,2018,0,15.84,27.48,14.81,26.09,0,0,289890
02-12-2018,2,1,12,Dec,2018,0,19.08,27.06,19.72,25.25,0,0,381942.5
03-12-2018,3,2,12,Dec,2018,-0.25,18.14,26.48,19.88,26.55,0,0,236578.5
04-12-2018,4,3,12,Dec,2018,4.2,20.39,25.05,22.94,27.27,0,40,229890.5
05-12-2018,5,4,12,Dec,2018,0,20.84,28.02,22.58,28.53,0,41,198618
06-12-2018,6,5,12,Dec,2018,0,20.21,27.97,22.45,29.83,0,0,187159
07-12-2018,7,6,12,Dec,2018,0,18.77,27.61,18.76,28.74,0,0,210882.5
08-12-2018,8,7,12,Dec,2018,-0.75,19.24,27.46,19.94,28.13,0,44,288028.5
09-12-2018,9,1,12,Dec,2018,-0.25,19.05,29.13,19.6,27.93,0,47,284857.5
10-12-2018,10,2,12,Dec,2018,-1.5,18.03,28.55,19.12,28.68,0,0,175066
11-12-2018,11,3,12,Dec,2018,0,19.05,28.27,19.86,29.92,0,0,155425
12-12-2018,12,4,12,Dec,2018,-0.25,19,29.08,19.95,29.67,0,0,153948.5
13-12-2018,13,5,12,Dec,2018,0,19.16,27.5,20.36,28.79,0,0,198587
14-12-2018,14,6,12,Dec,2018,0,17.76,28.25,19.02,27.59,0,38,176839.5
15-12-2018,15,7,12,Dec,2018,0,16.88,27.06,16.61,25.48,0,44,272042
16-12-2018,16,1,12,Dec,2018,0,15.99,24.44,15.73,23.25,0,93,302320
17-12-2018,17,2,12,Dec,2018,0,14.62,25.19,14.47,23.62,0,0,187264.5
18-12-2018,18,3,12,Dec,2018,0,15.7,26.61,15.7,25.75,0,0,176730.5
19-12-2018,19,4,12,Dec,2018,0,17.88,26.48,18.64,27.75,0,41,153149
20-12-2018,20,5,12,Dec,2018,0,18.3,27.28,19.69,27.35,0,0,195144.5
21-12-2018,21,6,12,Dec,2018,0,18.71,27.78,20.26,28.11,0,0,184425
22-12-2018,22,7,12,Dec,2018,0,20.79,28.6,21.35,28.44,0,0,263228
23-12-2018,23,1,12,Dec,2018,0,18.81,27.49,19.77,28.14,0,0,288603.5
24-12-2018,24,2,12,Dec,2018,0,18.82,28.54,20.2,28.59,0,0,223417.5
25-12-2018,25,3,12,Dec,2018,0,18.09,28.68,19.2,28.67,1,0,263185.5
26-12-2018,26,4,12,Dec,2018,0,19.17,29.65,20.68,28.69,0,0,180735.5
27-12-2018,27,5,12,Dec,2018,0,19.76,28.95,20.32,29.46,0,0,184003
28-12-2018,28,6,12,Dec,2018,2.4,19.93,27.4,22.28,27.74,0,0,198554.5
29-12-2018,29,7,12,Dec,2018,0,17.6,25.81,17.5,26.91,0,0,258100
30-12-2018,30,1,12,Dec,2018,0,16.52,25.73,16.37,25.47,0,0,284166.5
31-12-2018,31,2,12,Dec,2018,0,14.66,26,14.12,23.71,0,0,271192
01-01-2019,1,3,1,Jan,2019,0,13.03,26.79,12.04,23.17,0,0,404257.5
02-01-2019,2,4,1,Jan,2019,0,13.2,26.44,12.4,24.03,0,0,152887.5
03-01-2019,3,5,1,Jan,2019,0,12.56,27.55,11.26,24.14,0,0,177151
04-01-2019,4,6,1,Jan,2019,0,13.24,27.26,12.45,25.43,0,52,166832.5
05-01-2019,5,7,1,Jan,2019,0,14.24,26.96,13.47,25.47,0,0,285012
06-01-2019,6,1,1,Jan,2019,0,14.52,27.06,14.18,25.31,0,0,292292.5
07-01-2019,7,2,1,Jan,2019,0,15.17,27.68,14.96,26.15,0,0,185139
08-01-2019,8,3,1,Jan,2019,0,13.47,27.54,12.18,24.96,0,0,153325
09-01-2019,9,4,1,Jan,2019,0,13.4,28.96,12.24,26.49,0,0,156544.5
10-01-2019,10,5,1,Jan,2019,0,15.16,27.83,13.65,26.43,0,0,198468
11-01-2019,11,6,1,Jan,2019,0,15.67,28.3,14.83,26.85,0,0,195325
12-01-2019,12,7,1,Jan,2019,0,15.48,27.35,14.77,25.41,0,0,283749
13-01-2019,13,1,1,Jan,2019,0,15.25,28.43,13.48,26.5,0,0,302962
14-01-2019,14,2,1,Jan,2019,0,14.24,27.8,13.18,26.4,0,54,208488
15-01-2019,15,3,1,Jan,2019,0,14.12,27.83,12.71,25.86,1,0,250804
16-01-2019,16,4,1,Jan,2019,0,15.09,27.81,15.02,25.22,0,0,154657
17-01-2019,17,5,1,Jan,2019,0,17.58,27.88,16.94,25.37,0,0,184906.5
18-01-2019,18,6,1,Jan,2019,0,15.03,27.58,14.61,24.91,0,51,176369.5
19-01-2019,19,7,1,Jan,2019,0,14.51,29.02,12.75,26.21,0,0,280723.5
20-01-2019,20,1,1,Jan,2019,0,14.33,27.27,13.5,24.65,0,0,279466
21-01-2019,21,2,1,Jan,2019,-0.5,13.54,28.06,14.3,25.69,0,0,163815
22-01-2019,22,3,1,Jan,2019,0,15.78,27.98,15.57,26.19,0,51,194079
23-01-2019,23,4,1,Jan,2019,0,18.17,28.22,18.9,27.38,0,0,154014.5
24-01-2019,24,5,1,Jan,2019,0,18.3,29.16,18.09,28.85,0,0,174275
25-01-2019,25,6,1,Jan,2019,0,19.92,28.63,21.35,28.44,0,50,190152
26-01-2019,26,7,1,Jan,2019,0,20.16,28.21,21.48,28.29,1,0,281348
27-01-2019,27,1,1,Jan,2019,0,19.41,27.08,20.41,27.69,0,0,265957.5
28-01-2019,28,2,1,Jan,2019,0,18.24,26.86,18.63,27.63,0,0,175193
29-01-2019,29,3,1,Jan,2019,0,17.83,26.04,18.58,26.09,0,0,156112.5
30-01-2019,30,4,1,Jan,2019,0,17.4,27.42,17.69,25.98,0,0,152754
31-01-2019,31,5,1,Jan,2019,0,16.82,26.26,17.17,24.47,0,0,174612
01-02-2019,1,6,2,Feb,2019,0,17.77,26.58,18.19,25.42,0,0,180901
02-02-2019,2,7,2,Feb,2019,0,18.08,27.75,18.28,27.58,0,56,276093.5
03-02-2019,3,1,2,Feb,2019,0,18.72,27.8,18.8,28.09,0,0,278459.5
04-02-2019,4,2,2,Feb,2019,0,20.86,28.45,22.06,28.09,0,51,209735.5
05-02-2019,5,3,2,Feb,2019,0,19.13,28.47,18.21,28.94,0,0,165535
06-02-2019,6,4,2,Feb,2019,0,19.01,29.13,18.53,29.25,0,0,176652
07-02-2019,7,5,2,Feb,2019,0,20.04,29.48,21.24,30.43,0,0,168070.5
08-02-2019,8,6,2,Feb,2019,0,22.27,31.03,22.97,31.31,0,0,205094
09-02-2019,9,7,2,Feb,2019,2.85,21.31,29.86,23.82,31.25,0,56,227885
10-02-2019,10,1,2,Feb,2019,0,22.11,28.73,24.51,30.01,0,59,282856.5
11-02-2019,11,2,2,Feb,2019,0,19.53,27.85,20.26,27.93,0,0,186143
12-02-2019,12,3,2,Feb,2019,0,19.57,27.95,21.39,26.94,0,50,164223.5
13-02-2019,13,4,2,Feb,2019,0,18.9,28.58,19.38,27.52,0,0,168904
14-02-2019,14,5,2,Feb,2019,0,19.13,29.34,20.67,28.14,0,0,234319.5
15-02-2019,15,6,2,Feb,2019,0,21.18,30.48,22.59,30.94,0,0,160510.5
16-02-2019,16,7,2,Feb,2019,0,21.27,30.94,22.43,31.39,0,0,273556.5
17-02-2019,17,1,2,Feb,2019,0,20.71,31.53,19.5,30.79,0,0,266490
18-02-2019,18,2,2,Feb,2019,0,22.22,32.1,24.08,31.19,0,0,175175
19-02-2019,19,3,2,Feb,2019,0,21.29,31.33,23.45,31.4,0,0,161613
20-02-2019,20,4,2,Feb,2019,0,19.21,31.24,19.95,30.98,0,0,137358
21-02-2019,21,5,2,Feb,2019,0,17.56,30.56,17.4,28.34,1,0,168843
22-02-2019,22,6,2,Feb,2019,0,16.34,31.42,14.94,28.64,0,0,189876.5
23-02-2019,23,7,2,Feb,2019,0,17.38,32.87,15.76,28.3,0,0,254155
24-02-2019,24,1,2,Feb,2019,0,17.96,33.05,16.58,30.07,0,0,258517.5
25-02-2019,25,2,2,Feb,2019,0,18.5,33.48,17.38,30.65,0,0,167584
26-02-2019,26,3,2,Feb,2019,0,21.19,32.99,21.35,31.6,0,0,179137.5
27-02-2019,27,4,2,Feb,2019,0,22.06,31.88,21.81,32.14,0,0,151199
28-02-2019,28,5,2,Feb,2019,0,21.07,31.84,19.88,30.67,0,0,164353
01-03-2019,1,6,3,Mar,2019,0,21.86,32.53,23.22,32.16,0,0,186316
02-03-2019,2,7,3,Mar,2019,0,20.22,30.88,21.49,31.88,0,0,246130
03-03-2019,3,1,3,Mar,2019,0,20.98,31.11,23.02,31.68,0,0,301954
04-03-2019,4,2,3,Mar,2019,3.6,24.57,32.69,26.43,33.42,0,54,181563
05-03-2019,5,3,3,Mar,2019,0,23.84,32.77,22.8,33.27,0,0,157502.5
06-03-2019,6,4,3,Mar,2019,0,22.55,34.16,22.63,33.15,0,50,173560.5
07-03-2019,7,5,3,Mar,2019,0,20.83,35.28,18.64,33.02,0,0,168915.5
08-03-2019,8,6,3,Mar,2019,0,22.25,34.22,22.5,32.71,0,0,181747.5
09-03-2019,9,7,3,Mar,2019,-0.5,22.97,32.33,26.35,32.69,0,0,267971
10-03-2019,10,1,3,Mar,2019,0,23.05,32.72,24.58,33.23,0,0,252323.5
11-03-2019,11,2,3,Mar,2019,0,21.5,33.12,21.85,32.03,0,52,174730.5
12-03-2019,12,3,3,Mar,2019,0,20.3,32.97,19.33,30.89,0,0,154704.5
13-03-2019,13,4,3,Mar,2019,0,20.15,32.75,18.95,29.73,0,49,140767
14-03-2019,14,5,3,Mar,2019,0,20.86,32.78,17.98,31.18,0,51,148046.5
15-03-2019,15,6,3,Mar,2019,0,19.71,32.88,17.56,29.67,0,0,175803.5
16-03-2019,16,7,3,Mar,2019,0,18.59,32.26,16.57,28.63,0,0,264213
17-03-2019,17,1,3,Mar,2019,0,19.75,32.43,19.17,30.13,0,0,277209
18-03-2019,18,2,3,Mar,2019,0,20.94,32.94,20.82,31.85,0,0,178572.5
19-03-2019,19,3,3,Mar,2019,0,23.2,33.19,24.51,33.07,0,0,160816
20-03-2019,20,4,3,Mar,2019,0,21.98,32.87,25.2,32.68,0,51,148536
21-03-2019,21,5,3,Mar,2019,0,21.9,33.55,21.62,32.93,0,0,197761.5
22-03-2019,22,6,3,Mar,2019,0,23.04,33.44,23.53,33.49,0,52,199189
23-03-2019,23,7,3,Mar,2019,0,24.02,33.82,23.76,34.52,0,0,277252
24-03-2019,24,1,3,Mar,2019,0,23,34.43,23.85,34.03,0,0,312270.5
25-03-2019,25,2,3,Mar,2019,0,22.19,34.24,21.67,32.99,1,51,174918.5
26-03-2019,26,3,3,Mar,2019,0,21.95,34.08,22.46,32,0,0,166552.5
27-03-2019,27,4,3,Mar,2019,0,21.83,34.84,19.8,33,0,0,149567.5
28-03-2019,28,5,3,Mar,2019,0,22.13,35.36,20.65,34.4,0,0,177270
29-03-2019,29,6,3,Mar,2019,0,23.13,34.02,23,34.75,0,0,185412.5
30-03-2019,30,7,3,Mar,2019,0,23.93,34.76,24.94,32.62,0,0,264359
31-03-2019,31,1,3,Mar,2019,0,22.85,34.28,23.75,34.11,0,59,309868.5
01-04-2019,1,2,4,Apr,2019,0,23.22,34.73,23.3,34.23,0,0,219611
02-04-2019,2,3,4,Apr,2019,0,22.88,33.68,23.41,35.53,1,50,410156.5
03-04-2019,3,4,4,Apr,2019,0,22.48,34.56,21.48,38.52,0,0,179854.5
04-04-2019,4,5,4,Apr,2019,0,23.9,34.16,23.81,32.81,0,0,216680.5
05-04-2019,5,6,4,Apr,2019,0,23.36,33.59,22.01,32.66,0,0,237296
06-04-2019,6,7,4,Apr,2019,0,23.5,34.86,23.37,33.11,0,0,274424.5
07-04-2019,7,1,4,Apr,2019,0,23.96,34.85,25.29,34.9,0,0,268980
08-04-2019,8,2,4,Apr,2019,6.45,24.53,34.73,26.11,35.84,0,0,186892.5
09-04-2019,9,3,4,Apr,2019,5.2,23.5,34.07,26.19,35.35,0,0,181452.5
10-04-2019,10,4,4,Apr,2019,0,23.42,34.48,24.79,34.99,1,0,181237
11-04-2019,11,5,4,Apr,2019,0,24.69,34.42,23.02,35.44,0,0,197072
12-04-2019,12,6,4,Apr,2019,0,23.32,35.45,22.85,34.52,0,0,199260
13-04-2019,13,7,4,Apr,2019,0,24.42,35,24.41,34.55,0,0,247527.5
14-04-2019,14,1,4,Apr,2019,0,23.92,35.14,23.77,34.37,1,0,285067.5
15-04-2019,15,2,4,Apr,2019,0,23.1,34.9,22.14,34.24,0,47,198673
16-04-2019,16,3,4,Apr,2019,0,25,34.55,27.97,34.54,0,0,175817
17-04-2019,17,4,4,Apr,2019,7.5,22.37,33.95,24.69,35.7,0,0,174472
18-04-2019,18,5,4,Apr,2019,4.65,22.25,33.77,24.47,35.29,0,0,304831
19-04-2019,19,6,4,Apr,2019,0,23.85,32.9,26.64,35.6,0,0,211956.5
20-04-2019,20,7,4,Apr,2019,5.4,22.91,32.58,24.48,34.48,0,0,237329.5
21-04-2019,21,1,4,Apr,2019,0,24.88,32.74,28.36,33.99,0,0,240022.5
22-04-2019,22,2,4,Apr,2019,0,22.66,33.42,22.61,34.28,0,0,184879.5
23-04-2019,23,3,4,Apr,2019,0,22.64,33.09,23,33.38,0,0,169101
24-04-2019,24,4,4,Apr,2019,0,22.62,33.21,23.7,33.53,0,0,177622
25-04-2019,25,5,4,Apr,2019,0,22.7,34.4,21.94,34.36,0,0,177991.5
26-04-2019,26,6,4,Apr,2019,0,23.99,35.4,24.83,35.15,0,0,179646.5
27-04-2019,27,7,4,Apr,2019,0,24.69,35.14,25.23,34.74,0,0,246760.5
28-04-2019,28,1,4,Apr,2019,0,24.61,32.7,26.2,33.78,0,59,268119
29-04-2019,29,2,4,Apr,2019,0,24,34.07,25.89,35.96,0,0,204441
30-04-2019,30,3,4,Apr,2019,10.2,21.28,32.87,23.31,34.89,0,0,181085.5
01-05-2019,1,4,5,May,2019,0,22.98,30,24.44,31.99,1,0,233707.5
02-05-2019,2,5,5,May,2019,0,22.92,33.48,23.71,31.82,0,51,186114.5
03-05-2019,3,6,5,May,2019,0,22.85,32.81,24.02,32.59,0,0,192417.5
04-05-2019,4,7,5,May,2019,0,26.46,33.04,28.2,33.76,0,0,281974.5
05-05-2019,5,1,5,May,2019,1.8,24.75,34.06,24.97,34.7,0,0,290347.5
06-05-2019,6,2,5,May,2019,0,26.39,35.16,27.37,35.46,0,0,213301.5
07-05-2019,7,3,5,May,2019,6.55,21.51,32.86,23.18,36.02,0,0,181886.5
08-05-2019,8,4,5,May,2019,0,22.92,31.59,24.77,33.57,0,0,164478.5
09-05-2019,9,5,5,May,2019,0,23.75,32.82,26.57,34.39,0,0,189187
10-05-2019,10,6,5,May,2019,0,26.55,34.47,29.05,34.45,0,0,198355
11-05-2019,11,7,5,May,2019,2.85,24.74,33.91,27.07,35.51,0,57,252529.5
12-05-2019,12,1,5,May,2019,2.2,24.1,33.66,25.87,35.12,0,0,262485
13-05-2019,13,2,5,May,2019,3.8,23.73,32.42,26.28,34.9,0,0,185565
14-05-2019,14,3,5,May,2019,0,23.99,33.63,26.93,34.13,0,52,358422
15-05-2019,15,4,5,May,2019,1.8,22.68,32.67,24.79,35.2,0,0,149302
16-05-2019,16,5,5,May,2019,1.7,24.32,32.75,25.97,34.78,0,53,187221.5
17-05-2019,17,6,5,May,2019,2.5,22.74,31.99,24.38,34.21,0,0,159316
18-05-2019,18,7,5,May,2019,0,24.47,33.8,28.05,34.95,0,0,268725.5
19-05-2019,19,1,5,May,2019,0,28.1,32.75,30.92,34.38,0,0,265246
20-05-2019,20,2,5,May,2019,0,24.04,32.72,26.27,35.22,0,0,208612
21-05-2019,21,3,5,May,2019,0,24.02,33.47,25.91,35.36,0,0,176248.5
22-05-2019,22,4,5,May,2019,9.5,23.63,33.6,27.03,35.85,0,0,169054
23-05-2019,23,5,5,May,2019,0,22.78,31.75,24.89,35.26,0,0,183306
24-05-2019,24,6,5,May,2019,8.55,21.99,32.23,24.52,35.38,0,0,173970
25-05-2019,25,7,5,May,2019,5.7,22.1,32.44,24.6,35.54,1,0,243724
26-05-2019,26,1,5,May,2019,5.4,20.98,32.77,21.98,35.42,0,65,260395
27-05-2019,27,2,5,May,2019,0.7,25.8,33.25,28.66,36.43,0,0,182967.5
28-05-2019,28,3,5,May,2019,0,23.03,33.04,24.65,35.97,0,0,164139
29-05-2019,29,4,5,May,2019,0.85,24.25,33.13,23.93,34.85,0,51,159576
30-05-2019,30,5,5,May,2019,2.55,22.91,32.47,24.37,35.61,0,0,162931.5
31-05-2019,31,6,5,May,2019,4.65,22.11,32.25,24.59,34.23,0,0,162386
01-06-2019,1,7,6,Jun,2019,0,25.25,31.28,29.54,34.54,0,55,274366
02-06-2019,2,1,6,Jun,2019,2.85,21.78,31.3,24.03,34.7,0,0,263760.5
03-06-2019,3,2,6,Jun,2019,0,23.44,29.4,26.81,30.89,0,0,204851.5
04-06-2019,4,3,6,Jun,2019,2.55,24.82,31.14,27.92,33.57,0,49,158287.5
05-06-2019,5,4,6,Jun,2019,8.55,21.65,31.08,24.96,34.39,0,0,172072.5
06-06-2019,6,5,6,Jun,2019,2.55,22.42,31.62,25.25,34.88,0,0,188896
07-06-2019,7,6,6,Jun,2019,1.8,22.97,30.85,24.52,34.44,0,0,183263
08-06-2019,8,7,6,Jun,2019,0.8,24.01,30.52,27.31,34.59,0,0,235442.5
09-06-2019,9,1,6,Jun,2019,0.7,22.36,31.91,25.49,34.24,0,0,249824.5
10-06-2019,10,2,6,Jun,2019,0,22.78,29.7,23.13,30.6,0,0,175563
11-06-2019,11,3,6,Jun,2019,0,23.09,29.68,25.71,31.32,0,0,150848
12-06-2019,12,4,6,Jun,2019,3.6,22.24,28.81,23.23,31.42,0,0,153173
13-06-2019,13,5,6,Jun,2019,0,22.73,28.3,24.5,29.98,0,0,140792.5
15-06-2019,15,7,6,Jun,2019,0,22.53,31.08,24.07,32.03,0,0,238390.5
16-06-2019,16,1,6,Jun,2019,0,22.97,31.32,23.43,32.28,0,0,233111.5
17-06-2019,17,2,6,Jun,2019,0,23.07,30.44,23.9,31.03,0,0,163745.5
18-06-2019,18,3,6,Jun,2019,1.8,22.2,30.61,22.23,32.17,0,0,145667
19-06-2019,19,4,6,Jun,2019,0,23.19,31.33,24.57,32.48,0,48,132067.5
20-06-2019,20,5,6,Jun,2019,0,22,29.91,22,31.15,0,0,172451
21-06-2019,21,6,6,Jun,2019,1.8,22.24,28.6,24.01,30.57,0,0,154617
22-06-2019,22,7,6,Jun,2019,1.8,22.26,28.88,23.88,29.91,0,50,232302.5
23-06-2019,23,1,6,Jun,2019,3.9,21.93,28.29,23.73,30.62,0,0,219293.5
24-06-2019,24,2,6,Jun,2019,0,22.23,29.45,25.37,30.54,0,0,152373
25-06-2019,25,3,6,Jun,2019,0,22.36,29.51,24.03,31.88,0,0,141246.5
26-06-2019,26,4,6,Jun,2019,0,22.74,28.28,25.14,30.82,0,0,132979
27-06-2019,27,5,6,Jun,2019,0,22.15,29.98,24.56,30.5,0,0,156389
28-06-2019,28,6,6,Jun,2019,0,22.26,30.39,23.16,31.05,0,0,152766
29-06-2019,29,7,6,Jun,2019,0,22.81,29.55,23.2,31.11,0,0,246417
30-06-2019,30,1,6,Jun,2019,0,21.94,28.63,23.67,28.91,0,0,254581.5
01-07-2019,1,2,7,Jul,2019,0,22.42,30.03,24.5,30.13,0,0,167136.5
02-07-2019,2,3,7,Jul,2019,0,22.29,30.15,23.38,31.72,0,45,152260.5
03-07-2019,3,4,7,Jul,2019,0,22.3,29.76,24.27,29.2,0,48,137270
04-07-2019,4,5,7,Jul,2019,0,22.24,28.88,23.56,31.77,0,0,159957.5
05-07-2019,5,6,7,Jul,2019,2.1,21.94,28.93,22.24,29.58,0,0,163556.5
06-07-2019,6,7,7,Jul,2019,0,22.24,28.94,22.93,30.3,0,0,245552
07-07-2019,7,1,7,Jul,2019,1.8,22,29.3,21.54,30.58,0,58,266695.5
08-07-2019,8,2,7,Jul,2019,0,21.74,29.4,21.35,30.15,0,0,170098
09-07-2019,9,3,7,Jul,2019,0,21.18,28.61,21.26,29.65,0,0,125954.5
10-07-2019,10,4,7,Jul,2019,3.6,20.95,28.2,21.82,29.33,0,43,139716.5
11-07-2019,11,5,7,Jul,2019,0,21.43,29.3,22.66,29.78,0,0,156658.5
12-07-2019,12,6,7,Jul,2019,0,21.88,30.24,24.44,31.19,0,0,162885
13-07-2019,13,7,7,Jul,2019,0,22.44,30.14,25.43,32.4,0,0,251666.5
14-07-2019,14,1,7,Jul,2019,0,22.02,29.61,23.78,30.26,0,0,265269.5
15-07-2019,15,2,7,Jul,2019,3.6,22.09,29.49,25.09,32.01,0,0,156715.5
16-07-2019,16,3,7,Jul,2019,1.8,22.49,29.46,23.56,31.66,0,0,149762
17-07-2019,17,4,7,Jul,2019,0,22.11,28.8,24.18,30.66,0,50,142951
18-07-2019,18,5,7,Jul,2019,3.6,22.13,28.59,24.47,31.22,0,49,145052
19-07-2019,19,6,7,Jul,2019,1.8,21.81,27.88,22.55,29.77,0,0,150368
20-07-2019,20,7,7,Jul,2019,0,22,27.77,22.36,28.89,0,54,242590.5
21-07-2019,21,1,7,Jul,2019,1.8,21.76,27.57,22.42,30.04,0,0,228724
22-07-2019,22,2,7,Jul,2019,5.1,20.03,26.51,19.4,28.56,0,0,151860
23-07-2019,23,3,7,Jul,2019,0,20.37,26.39,21.91,28.61,0,47,140582.5
24-07-2019,24,4,7,Jul,2019,0,21.8,28.69,22.83,30.93,0,0,142545.5
25-07-2019,25,5,7,Jul,2019,2.7,21.65,27.9,24.7,29.39,0,0,154073.5
26-07-2019,26,6,7,Jul,2019,1.8,21.07,26.11,20.88,27.98,0,0,172768
27-07-2019,27,7,7,Jul,2019,1.8,21.21,27.97,22.26,29.33,0,55,246470
28-07-2019,28,1,7,Jul,2019,2.1,21.88,27.45,22.29,28.81,0,0,219693.5
29-07-2019,29,2,7,Jul,2019,0,21.24,27.32,23.77,27.99,0,0,164700.5
30-07-2019,30,3,7,Jul,2019,0,20.93,27.16,21.96,29.15,0,49,152652
31-07-2019,31,4,7,Jul,2019,0,21.35,29.73,23.19,31.51,0,0,144475
01-08-2019,1,5,8,Aug,2019,0,21.8,30.16,23.54,30.33,1,100,180231
02-08-2019,2,6,8,Aug,2019,0,22.02,26.79,22.91,27.09,0,0,180231
03-08-2019,3,7,8,Aug,2019,0,21.79,28.15,22.14,29.2,0,0,248341
04-08-2019,4,1,8,Aug,2019,1.8,22.04,27.46,22.25,29.24,0,0,289264.5
05-08-2019,5,2,8,Aug,2019,8.2,20.93,26.81,21.96,29,0,0,163065.5
06-08-2019,6,3,8,Aug,2019,6.2,21.07,25.79,19.16,25.87,0,0,152308
07-08-2019,7,4,8,Aug,2019,11.4,21.4,24.77,21.55,26.54,0,48,176127.5
08-08-2019,8,5,8,Aug,2019,8.25,21.39,25.6,21.02,28.52,0,0,174576.5
09-08-2019,9,6,8,Aug,2019,5.4,20.99,25.95,20.22,25.97,0,0,152834.5
10-08-2019,10,7,8,Aug,2019,5.4,21.3,26.13,21.97,28.68,0,0,216341.5
11-08-2019,11,1,8,Aug,2019,3.2,21.21,27.47,22.84,30.22,0,0,256043
12-08-2019,12,2,8,Aug,2019,1.8,21.25,27.53,23.23,33.23,0,0,197869.5
13-08-2019,13,3,8,Aug,2019,0,21.14,27.62,23.18,30.28,0,50,159537
14-08-2019,14,4,8,Aug,2019,3.9,20.95,27.5,20.69,28.93,0,46,136549.5
15-08-2019,15,5,8,Aug,2019,1.8,21.28,27.42,24.16,29.41,1,0,269067
16-08-2019,16,6,8,Aug,2019,2.5,20.99,27.94,21.67,30.45,0,52,150404.5
17-08-2019,17,7,8,Aug,2019,6,21.25,25.51,24.03,28.97,0,0,196930.5
18-08-2019,18,1,8,Aug,2019,7.3,21,24.55,23.99,27.75,0,0,231364.5
19-08-2019,19,2,8,Aug,2019,6.3,21.29,28.72,23.32,31.28,0,50,143412
20-08-2019,20,3,8,Aug,2019,6.75,21.54,26.71,23.38,29.85,0,0,138995.5
21-08-2019,21,4,8,Aug,2019,0,20.95,26.88,23.76,28.82,0,0,147323.5
22-08-2019,22,5,8,Aug,2019,1.4,20.9,26.82,22.85,28.78,1,0,156917.5
23-08-2019,23,6,8,Aug,2019,0,20.62,27.55,20.27,29.59,0,0,168299
24-08-2019,24,7,8,Aug,2019,0,20.84,27.27,20.96,29.1,0,53,238705
25-08-2019,25,1,8,Aug,2019,1.2,20.51,28.12,23.04,29.34,0,57,284552.5
26-08-2019,26,2,8,Aug,2019,1.8,20.99,27.44,22.96,29.31,0,0,156246.5
27-08-2019,27,3,8,Aug,2019,0,20.57,27.69,21.84,29.08,0,0,142935
28-08-2019,28,4,8,Aug,2019,3,21.24,28.99,23.58,30.37,0,0,143461.5
29-08-2019,29,5,8,Aug,2019,3.6,21.15,28.85,22.5,30.21,0,0,161787.5
30-08-2019,30,6,8,Aug,2019,0,21.12,28.21,21.74,29.69,0,28,167556
31-08-2019,31,7,8,Aug,2019,0,21.09,26.7,21.82,29.03,0,31,248053
01-09-2019,1,1,9,Sep,2019,3,21.17,26.29,21.66,28.14,0,34,257507.5
03-09-2019,3,3,9,Sep,2019,1.4,20.98,25.87,22.62,28.03,0,0,133532.5
04-09-2019,4,4,9,Sep,2019,7.2,21.08,25.82,22.26,28.45,0,0,121520.5
05-09-2019,5,5,9,Sep,2019,1.2,21.03,27,22.51,28.34,0,28,141033.5
06-09-2019,6,6,9,Sep,2019,3.6,20.94,26.98,23.82,27.45,0,0,148743.5
07-09-2019,7,7,9,Sep,2019,2.4,21.46,27.55,23.21,28.45,0,0,235890.5
08-09-2019,8,1,9,Sep,2019,0,21.34,27.29,22.44,30.23,0,0,225232.5
09-09-2019,9,2,9,Sep,2019,0,21.27,27.5,23.04,29.38,0,0,169093
10-09-2019,10,3,9,Sep,2019,0,21.88,27.83,22.79,28.73,0,0,175489.5
11-09-2019,11,4,9,Sep,2019,0,21.84,27.59,24.72,29.53,0,0,117905.5
12-09-2019,12,5,9,Sep,2019,6.6,21.11,28.63,22.46,30.64,0,0,130410.5
13-09-2019,13,6,9,Sep,2019,0,21.31,28.68,22.13,30.23,0,0,152296
14-09-2019,14,7,9,Sep,2019,3.5,21.84,29.53,24.03,31.16,0,31,229510.5
15-09-2019,15,1,9,Sep,2019,0,21.22,29.19,22.3,30.3,0,0,247044.5
16-09-2019,16,2,9,Sep,2019,7.2,20.84,27.29,22.99,29.52,0,0,138982.5
17-09-2019,17,3,9,Sep,2019,5.7,21.9,26.22,23.33,29.12,0,0,123947.5
18-09-2019,18,4,9,Sep,2019,1.8,21.49,27.85,23.95,30.69,0,0,131129.5
19-09-2019,19,5,9,Sep,2019,6.9,21.23,27.75,24.08,29.93,0,0,124248.5
20-09-2019,20,6,9,Sep,2019,0,21.67,28.21,24.13,30.08,0,0,146482
21-09-2019,21,7,9,Sep,2019,0,22.99,29.33,25.19,30.86,0,30,217225
22-09-2019,22,1,9,Sep,2019,0.85,21.97,27.93,25.96,32.74,0,0,238864.5
23-09-2019,23,2,9,Sep,2019,8.55,21.14,28.36,23.62,30.39,0,0,138581
24-09-2019,24,3,9,Sep,2019,3.2,21.89,28.18,24.68,31.14,0,27,119828
25-09-2019,25,4,9,Sep,2019,5.7,20.61,28.07,22.77,31.11,0,0,119148.5
26-09-2019,26,5,9,Sep,2019,0,21.12,28.07,24.25,30.28,0,0,163349
27-09-2019,27,6,9,Sep,2019,1.8,21.73,28.93,24.81,31.77,0,0,155626
28-09-2019,28,7,9,Sep,2019,-0.75,21.79,29.06,24.77,31.39,0,0,217969.5
29-09-2019,29,1,9,Sep,2019,0,21.95,29.19,24.16,30.8,0,0,257698.5
30-09-2019,30,2,9,Sep,2019,0,21.47,29.1,23.75,31.16,0,0,168621.5
01-10-2019,1,3,10,Oct,2019,7.85,19.87,29.21,22.3,31.68,0,0,134732
03-10-2019,3,5,10,Oct,2019,7.5,19.87,29.57,22.3,31.46,0,0,165211.5
04-10-2019,4,6,10,Oct,2019,3.85,20.17,28.96,21.73,31.49,0,0,168826.5
05-10-2019,5,7,10,Oct,2019,3.5,20.83,28.14,22.92,30.58,0,0,217232
06-10-2019,6,1,10,Oct,2019,2.55,21.39,28.59,23.93,29.94,0,0,234546.5
07-10-2019,7,2,10,Oct,2019,1.7,21.09,27.7,22.8,30.56,0,0,265119.5
08-10-2019,8,3,10,Oct,2019,6.65,19.83,28.99,22.65,31.26,0,0,241083
09-10-2019,9,4,10,Oct,2019,4.65,21.07,29.31,23.14,30.87,0,0,136318
10-10-2019,10,5,10,Oct,2019,1.8,21.56,29.3,24.21,30.37,0,0,149829
11-10-2019,11,6,10,Oct,2019,5.1,22.19,29.11,25.09,32.78,0,0,159267.5
12-10-2019,12,7,10,Oct,2019,0,22.12,29.15,24.53,30.25,0,0,252386.5
13-10-2019,13,1,10,Oct,2019,6.55,22.09,29.44,25.02,33.09,0,32,271176.5
14-10-2019,14,2,10,Oct,2019,0,21.52,29.54,24.34,30.71,0,27,147281
15-10-2019,15,3,10,Oct,2019,0,21.23,28.56,23.73,30.67,0,0,142404
16-10-2019,16,4,10,Oct,2019,0,20.84,27.46,23.16,30.44,0,0,150094.5
17-10-2019,17,5,10,Oct,2019,9.3,20.41,25.77,22.54,29.8,0,0,136895
18-10-2019,18,6,10,Oct,2019,1.8,20.76,27.3,24.07,29.65,0,0,161367.5
19-10-2019,19,7,10,Oct,2019,0,21.1,27.8,22.72,29.6,0,0,257473
20-10-2019,20,1,10,Oct,2019,5.4,21.08,27.59,23.52,29.2,0,31,226438
21-10-2019,21,2,10,Oct,2019,8.9,20.86,26.71,23.85,30.95,0,0,134456.5
22-10-2019,22,3,10,Oct,2019,6.3,20.23,25.06,23.02,27.63,0,0,120224
23-10-2019,23,4,10,Oct,2019,1.8,20.7,27.27,23.04,29.6,0,0,140254.5
24-10-2019,24,5,10,Oct,2019,0,20.69,26.53,22.93,28.56,0,0,148471.5
25-10-2019,25,6,10,Oct,2019,0,19.72,26.42,21.62,28.2,1,0,169478
26-10-2019,26,7,10,Oct,2019,0,19.92,27.07,21.64,27.76,0,0,244329.5
27-10-2019,27,1,10,Oct,2019,10.35,20.27,27.53,22.73,30.83,0,0,235851
28-10-2019,28,2,10,Oct,2019,0,20.35,27.39,22.14,30.13,0,100,337316
29-10-2019,29,3,10,Oct,2019,2.5,20.06,25.14,21.17,27.97,1,0,259810.5
30-10-2019,30,4,10,Oct,2019,4.2,20.15,25.45,22.22,28.33,0,29,133522
31-10-2019,31,5,10,Oct,2019,3.6,19.79,25.36,21.12,28.54,1,28,149870
01-11-2019,1,6,11,Nov,2019,-0.75,20.85,28.2,23.12,30.32,1,0,250947.5
02-11-2019,2,7,11,Nov,2019,0,21.01,28.49,24.5,30.35,0,32,233615.5
03-11-2019,3,1,11,Nov,2019,-0.75,18.33,28.99,20.92,30.38,0,0,264405
04-11-2019,4,2,11,Nov,2019,0,18.39,29.54,18.59,28.24,0,0,152693
05-11-2019,5,3,11,Nov,2019,0,19.21,29.06,20.24,29.38,0,0,157076.5
06-11-2019,6,4,11,Nov,2019,-0.25,19.7,29.57,21.15,30.04,0,28,169434
07-11-2019,7,5,11,Nov,2019,-0.75,21.04,29.01,24.38,30.77,0,0,145223.5
08-11-2019,8,6,11,Nov,2019,0,21.98,29.04,24.75,31.21,0,27,162121
09-11-2019,9,7,11,Nov,2019,0,21.44,29.07,24.6,31.12,0,28,217881
10-11-2019,10,1,11,Nov,2019,0,20.98,29.3,22.4,29.34,0,0,273823.5
11-11-2019,11,2,11,Nov,2019,0,19.52,28.4,20.09,29.68,0,0,177678
12-11-2019,12,3,11,Nov,2019,0,19.04,28.21,20.3,27.92,0,0,158313.5
13-11-2019,13,4,11,Nov,2019,0,18.84,27.76,20.02,28.04,0,28,158370
14-11-2019,14,5,11,Nov,2019,-0.75,20.06,26.33,23.09,27.98,1,0,171496
15-11-2019,15,6,11,Nov,2019,0,20.68,26.43,22.63,29.67,0,0,193975.5
16-11-2019,16,7,11,Nov,2019,-0.75,20.35,28.1,22.54,30.53,1,0,244374.5
17-11-2019,17,1,11,Nov,2019,0,20.67,28.69,21.26,29.55,0,0,290461.5
18-11-2019,18,2,11,Nov,2019,0,21.27,28.12,23.81,29.96,0,0,161415.5
19-11-2019,19,3,11,Nov,2019,0,20.59,28.56,22.8,31.01,0,0,150140
20-11-2019,20,4,11,Nov,2019,4.35,20.43,26.91,23.32,29.79,0,0,151800
21-11-2019,21,5,11,Nov,2019,0,20.28,25.82,22.47,27.97,0,0,168539.5
22-11-2019,22,6,11,Nov,2019,0,17.93,26.08,19.32,27.81,0,56,177499
23-11-2019,23,7,11,Nov,2019,0,18.7,27.54,20.53,27.25,0,0,247110.5
24-11-2019,24,1,11,Nov,2019,-0.25,18.16,27.94,19.06,29.06,0,0,319628
25-11-2019,25,2,11,Nov,2019,0,18.24,26.87,20.3,28.57,0,0,197759
26-11-2019,26,3,11,Nov,2019,1.8,20.47,27.15,22.15,27.47,0,29,222033
27-11-2019,27,4,11,Nov,2019,0,19.81,25.31,21.73,27.27,0,0,167482.5
28-11-2019,28,5,11,Nov,2019,0,19.89,27.18,20.22,28.8,0,0,172079
29-11-2019,29,6,11,Nov,2019,0,19.57,26.62,21.26,27.99,0,0,177343.5
30-11-2019,30,7,11,Nov,2019,6.6,20.4,24.93,21.63,27.41,0,0,230346.5
01-12-2019,1,1,12,Dec,2019,7.5,20.13,23.3,22.74,26.51,0,0,219925
02-12-2019,2,2,12,Dec,2019,3.6,19.49,24.5,20.66,26.98,0,0,179049
03-12-2019,3,3,12,Dec,2019,-0.25,18.18,24.23,18.88,27,1,0,141970
04-12-2019,4,4,12,Dec,2019,0,18.11,25.57,18.17,27.23,0,0,140271
05-12-2019,5,5,12,Dec,2019,0,18.12,24.67,19.26,25.69,0,0,162839.5
06-12-2019,6,6,12,Dec,2019,-0.25,16.02,24.62,16.96,25.83,0,28,164628.5
07-12-2019,7,7,12,Dec,2019,0,19.05,24.3,20.06,26.72,0,0,228622
08-12-2019,8,1,12,Dec,2019,0,17.59,24.32,18.48,26.93,0,0,234833
09-12-2019,9,2,12,Dec,2019,0,17.74,26.03,17.4,26.38,0,0,161725
10-12-2019,10,3,12,Dec,2019,0,17.12,25.9,18.5,28.46,0,30,145815
11-12-2019,11,4,12,Dec,2019,0,17.39,26.46,17.99,27.96,0,0,141332.5
12-12-2019,12,5,12,Dec,2019,-0.75,17.57,26.57,17.92,26.86,0,29,149865.5
13-12-2019,13,6,12,Dec,2019,0,20.32,27.52,22.26,28.02,0,0,160785
14-12-2019,14,7,12,Dec,2019,5.7,17.59,24.79,18.63,26.74,0,0,215424
15-12-2019,15,1,12,Dec,2019,0,17.76,25.9,18.88,26.15,0,0,278094
16-12-2019,16,2,12,Dec,2019,1.8,19.05,26.41,19.97,27.49,0,0,177704.5
17-12-2019,17,3,12,Dec,2019,0,16.5,26.13,16.72,26.22,0,0,162430.5
18-12-2019,18,4,12,Dec,2019,0,18.68,25.86,19.52,27.06,0,0,152003
19-12-2019,19,5,12,Dec,2019,-0.75,16.72,25.28,17.54,25.19,0,0,169751.5
20-12-2019,20,6,12,Dec,2019,-0.75,18.55,25.75,19.83,27.48,0,0,167545.5
21-12-2019,21,7,12,Dec,2019,0,18.68,27.16,18.28,27.43,0,0,240933.5
22-12-2019,22,1,12,Dec,2019,0,18.21,26.82,19.49,27.46,0,32,263447
23-12-2019,23,2,12,Dec,2019,0,18.87,26.3,19.64,26.3,0,0,193684
24-12-2019,24,3,12,Dec,2019,0,20.29,26.86,22.37,27.97,0,0,186277
25-12-2019,25,4,12,Dec,2019,0,19.48,25.44,21.84,28.34,1,0,238061.5
26-12-2019,26,5,12,Dec,2019,-0.25,18.5,27.57,19.97,28.93,0,28,214353
27-12-2019,27,6,12,Dec,2019,0,17.95,28.57,19.67,28.16,0,0,193592
28-12-2019,28,7,12,Dec,2019,0,17.75,27.11,17.34,27.04,0,0,271707
29-12-2019,29,1,12,Dec,2019,0,18.36,26.6,19.91,28.09,0,0,258723.5
30-12-2019,30,2,12,Dec,2019,0,18.51,26.99,19.63,27.8,0,29,202128
31-12-2019,31,3,12,Dec,2019,0,18.74,26.64,20.45,27.92,0,0,236324
01-01-2020,1,4,1,Jan,2020,-0.75,19.86,25.9,21.67,28.31,0,0,398196
02-01-2020,2,5,1,Jan,2020,-1,20.14,27.2,22.43,29.73,0,0,179202
03-01-2020,3,6,1,Jan,2020,-2.25,20.17,27.98,21.29,29.25,0,0,171173.5
04-01-2020,4,7,1,Jan,2020,-1.5,20.6,28.63,22.77,29.55,0,0,237225.5
05-01-2020,5,1,1,Jan,2020,-1,20.87,28.55,22.47,29.8,0,0,254822
06-01-2020,6,2,1,Jan,2020,-1,19.84,26.42,21.61,28.53,0,0,166169
07-01-2020,7,3,1,Jan,2020,-0.75,18.63,26.86,19.99,27.1,0,0,163835
08-01-2020,8,4,1,Jan,2020,-0.75,18.41,27.76,18.86,29.29,0,27,138998
09-01-2020,9,5,1,Jan,2020,0,17.49,28.17,17.96,28.37,0,0,166008
10-01-2020,10,6,1,Jan,2020,-0.75,17.04,27.72,16.57,25.83,0,0,183822.5
11-01-2020,11,7,1,Jan,2020,-0.75,15.94,27.57,16.08,26.64,0,0,268286
12-01-2020,12,1,1,Jan,2020,-0.75,18.81,26.68,20.55,26.36,0,0,290716.5
13-01-2020,13,2,1,Jan,2020,-1.5,17.18,27.35,18.16,27.7,0,0,183371
14-01-2020,14,3,1,Jan,2020,-1,15.42,27.58,15.02,27.23,0,0,172462
15-01-2020,15,4,1,Jan,2020,-0.75,15.18,27.15,15.81,25.85,1,0,230572.5
16-01-2020,16,5,1,Jan,2020,-0.75,15.74,27.65,16.16,27.46,0,0,146156.5
17-01-2020,17,6,1,Jan,2020,-0.75,19,28.8,19.59,27.97,0,27,163607
18-01-2020,18,7,1,Jan,2020,-0.75,20.16,26.38,19.48,27.25,0,0,247561.5
19-01-2020,19,1,1,Jan,2020,-0.75,18.49,28.43,20.01,28.58,0,31,266886
20-01-2020,20,2,1,Jan,2020,-0.75,17.46,29.11,18.56,29.22,0,0,166368
21-01-2020,21,3,1,Jan,2020,0,16.47,28.17,17.27,26.38,0,0,157537.5
22-01-2020,22,4,1,Jan,2020,-0.75,18.88,28.11,19.32,26.85,0,0,158133.5
23-01-2020,23,5,1,Jan,2020,-0.75,17.16,27.87,17.94,27.63,0,27,155571.5
24-01-2020,24,6,1,Jan,2020,0,15.09,29.88,15.69,27.46,0,0,170565
25-01-2020,25,7,1,Jan,2020,-0.25,14.41,28.47,13.48,25.23,0,0,246498.5
26-01-2020,26,1,1,Jan,2020,-0.25,16.03,30.81,16.31,27.97,1,0,250678.5
27-01-2020,27,2,1,Jan,2020,-0.25,17.39,30.55,18.88,29.68,0,0,162688.5
28-01-2020,28,3,1,Jan,2020,-0.25,18.38,29.24,19.03,28.2,0,0,152937
29-01-2020,29,4,1,Jan,2020,-0.75,18.22,30.5,19.17,30.98,0,0,139471
30-01-2020,30,5,1,Jan,2020,0,19.06,31.35,19.96,31.32,0,0,168773.5
31-01-2020,31,6,1,Jan,2020,0,19.13,30.25,20.25,30.9,0,53,161513
01-02-2020,1,7,2,Feb,2020,-1,18.11,28.22,18.78,28.42,0,0,238478
02-02-2020,2,1,2,Feb,2020,-0.75,17.26,28.01,18.25,27.7,0,0,288587.5
03-02-2020,3,2,2,Feb,2020,-0.25,16.31,28.48,16.58,27.03,0,0,162965
04-02-2020,4,3,2,Feb,2020,-0.75,19.56,28.37,20.18,27.5,0,0,164419
05-02-2020,5,4,2,Feb,2020,-0.5,17.4,28.42,18.11,28.06,0,0,141796
06-02-2020,6,5,2,Feb,2020,-0.5,18.77,29.15,18.72,29.77,0,0,164057.5
07-02-2020,7,6,2,Feb,2020,0,19.03,28.65,18.91,29.11,0,0,185185.5
08-02-2020,8,7,2,Feb,2020,-0.75,18.82,29.44,20.5,28.89,0,0,267305
09-02-2020,9,1,2,Feb,2020,-0.75,19.88,28.54,19.56,28.17,0,0,311590.5
10-02-2020,10,2,2,Feb,2020,-0.5,16.77,28.82,17.37,27.04,0,0,175651.5
11-02-2020,11,3,2,Feb,2020,0,18.34,29.26,18.06,26.22,0,24,169461.5
12-02-2020,12,4,2,Feb,2020,-0.75,18.55,28.06,19.41,27.76,0,0,159384
13-02-2020,13,5,2,Feb,2020,-0.75,17.84,29.81,19.1,28.1,0,0,168305
14-02-2020,14,6,2,Feb,2020,0,18.07,29.9,18.49,29.78,0,0,222647
15-02-2020,15,7,2,Feb,2020,0,17.79,31.14,16.16,29.31,0,0,247813
16-02-2020,16,1,2,Feb,2020,-0.5,16.72,30.5,16.01,27.54,0,0,260726
17-02-2020,17,2,2,Feb,2020,-0.5,16.4,30.44,16.8,28.35,0,0,184060
18-02-2020,18,3,2,Feb,2020,-0.75,16.68,30.6,17.23,28.65,0,0,170917
19-02-2020,19,4,2,Feb,2020,0,16.9,30.64,17.68,30.08,0,27,161128
20-02-2020,20,5,2,Feb,2020,-0.75,16.67,30.12,17.43,27.71,0,0,178288.5
21-02-2020,21,6,2,Feb,2020,-0.75,17.64,30.59,17.16,28.3,1,28,210434.5
22-02-2020,22,7,2,Feb,2020,-0.5,19.24,30,18.15,28.01,0,0,250697
23-02-2020,23,1,2,Feb,2020,-0.25,18.71,29.6,19.76,29.29,0,32,288043
24-02-2020,24,2,2,Feb,2020,0,17.51,29.47,18.63,29.01,0,0,167416
25-02-2020,25,3,2,Feb,2020,0,19.73,30.88,20.89,30.09,0,0,147241
26-02-2020,26,4,2,Feb,2020,0,20.25,30.43,20.73,30.39,0,0,163212.5
27-02-2020,27,5,2,Feb,2020,-0.5,18.81,29.45,19.44,29.48,0,0,152830
28-02-2020,28,6,2,Feb,2020,-0.5,19.31,29.12,18.73,29.18,0,0,177764.5
29-02-2020,29,7,2,Feb,2020,-0.75,19.82,30.08,20.7,29.38,0,58,250656
01-03-2020,1,1,3,Mar,2020,-0.5,19.71,29.17,20.75,29.62,0,0,270008.5
02-03-2020,2,2,3,Mar,2020,-0.25,20.44,29.11,22.4,30.71,0,0,155799
03-03-2020,3,3,3,Mar,2020,0,22.08,30.4,22.98,31.7,0,0,142001.5
04-03-2020,4,4,3,Mar,2020,-0.75,22.18,30.79,23.5,31.64,0,53,148652.5
05-03-2020,5,5,3,Mar,2020,-0.25,22.95,30.98,23.62,32.19,0,0,154110.5
06-03-2020,6,6,3,Mar,2020,1.2,22.73,30.84,25.81,32.44,0,0,170788
07-03-2020,7,7,3,Mar,2020,-0.25,22.11,30.01,24.5,31.64,0,0,249859.5
08-03-2020,8,1,3,Mar,2020,-0.5,21.38,30.43,23.9,32.79,0,0,246337
09-03-2020,9,2,3,Mar,2020,-0.25,22.95,30.9,24.08,32.96,0,0,163252
10-03-2020,10,3,3,Mar,2020,-0.25,22.16,31.26,23.1,32.61,0,0,150225
11-03-2020,11,4,3,Mar,2020,0,22.28,31.28,22.29,31.53,0,0,142844
12-03-2020,12,5,3,Mar,2020,0,21.59,31.75,20.83,31.29,0,26,146742
13-03-2020,13,6,3,Mar,2020,0,21.28,31.24,22.64,30.71,0,0,154893.5
14-03-2020,14,7,3,Mar,2020,-0.5,20.99,31.3,22.32,29.52,0,30,176668.5
15-03-2020,15,1,3,Mar,2020,0,20.8,31.9,21.91,31.14,0,0,181658.5
16-03-2020,16,2,3,Mar,2020,0,21.36,31.54,23.91,31.16,0,0,143113
17-03-2020,17,3,3,Mar,2020,-0.25,20.71,32.06,21.13,30.13,0,0,135001
18-03-2020,18,4,3,Mar,2020,0,21.58,33.55,21.62,30.65,0,0,130938.5
19-03-2020,19,5,3,Mar,2020,0,23.15,33.9,22.97,31.69,0,0,131617.5
20-03-2020,20,6,3,Mar,2020,2.85,22.38,31.62,25.4,33.15,0,0,111722.5
21-03-2020,21,7,3,Mar,2020,0,23.12,33.35,25.46,32.96,0,0,150700
